ticket_id,customer_id,created_date,issue_type,status,resolution_time_hr,csat_score
T00000001,CUST001827,2024-07-13,Delivery Delay,Resolved,23,4
T00000002,CUST001394,2025-03-08,Delivery Delay,Open,18,2
T00000003,CUST002568,2026-01-31,Delivery Delay,Resolved,66,3
T00000004,CUST002776,2025-12-24,Delivery Delay,Resolved,20,5
T00000005,CUST006336,2025-12-12,Damaged Item,Resolved,7,5
T00000006,CUST003900,2026-02-11,Damaged Item,Resolved,17,4
T00000007,CUST006565,2026-02-20,Quality Concern,Resolved,18,4
T00000008,CUST008428,2025-11-27,Refund/Return,Open,11,3
T00000009,CUST009589,2025-07-29,Payment Issue,Resolved,14,5
T00000010,CUST005709,2026-01-11,Delivery Delay,Resolved,9,5
T00000011,CUST008261,2026-02-22,Coupon/Promo Issue,Resolved,13,5
T00000012,CUST009844,2026-02-09,Coupon/Promo Issue,Resolved,15,5
T00000013,CUST000996,2025-08-15,Wrong Item,Resolved,10,5
T00000014,CUST007047,2026-02-06,Delivery Delay,Resolved,12,5
T00000015,CUST002724,2026-01-21,Refund/Return,Resolved,12,4
T00000016,CUST008090,2026-01-07,Refund/Return,Resolved,61,5
T00000017,CUST009874,2026-02-15,Refund/Return,Resolved,26,5
T00000018,CUST005803,2026-02-15,Refund/Return,Resolved,7,5
T00000019,CUST009748,2024-05-22,Payment Issue,Resolved,10,5
T00000020,CUST003203,2026-02-22,Wrong Item,Resolved,17,4
T00000021,CUST004669,2025-06-13,Payment Issue,Open,10,1
T00000022,CUST003234,2024-04-09,Coupon/Promo Issue,Resolved,12,4
T00000023,CUST001599,2024-05-12,Delivery Delay,Open,4,2
T00000024,CUST004312,2024-08-24,Payment Issue,Resolved,34,4
T00000025,CUST009768,2026-02-01,Damaged Item,Resolved,19,5
T00000026,CUST004974,2025-10-17,Quality Concern,Resolved,13,5
T00000027,CUST000924,2026-02-06,Damaged Item,Resolved,6,4
T00000028,CUST005308,2025-11-25,Damaged Item,Resolved,32,4
T00000029,CUST001399,2026-02-22,Refund/Return,Resolved,16,5
T00000030,CUST004193,2025-12-31,Delivery Delay,Resolved,21,4
T00000031,CUST003785,2026-02-21,Delivery Delay,Resolved,63,4
T00000032,CUST002688,2026-01-07,Delivery Delay,Resolved,9,5
T00000033,CUST001006,2026-02-22,Quality Concern,Resolved,7,5
T00000034,CUST009144,2026-02-21,Refund/Return,Resolved,14,4
T00000035,CUST007720,2026-02-22,Delivery Delay,Resolved,7,4
T00000036,CUST004167,2026-01-06,Damaged Item,Resolved,29,5
T00000037,CUST002531,2025-02-25,Refund/Return,Resolved,30,5
T00000038,CUST002574,2026-01-29,Quality Concern,Resolved,15,5
T00000039,CUST005855,2026-02-22,Wrong Item,Resolved,9,5
T00000040,CUST005457,2026-02-15,Delivery Delay,Resolved,37,5
T00000041,CUST002359,2025-07-23,Wrong Item,Open,5,1
T00000042,CUST006027,2026-02-22,Payment Issue,Resolved,23,5
T00000043,CUST002199,2025-06-24,Delivery Delay,Resolved,9,5
T00000044,CUST009749,2026-01-22,Payment Issue,Resolved,15,5
T00000045,CUST004998,2026-02-10,Payment Issue,Resolved,3,5
T00000046,CUST005007,2026-01-16,Payment Issue,Resolved,17,5
T00000047,CUST007421,2025-07-19,Delivery Delay,Resolved,6,5
T00000048,CUST003402,2026-02-22,Refund/Return,Resolved,8,5
T00000049,CUST009019,2025-12-21,Coupon/Promo Issue,Open,12,1
T00000050,CUST006922,2026-02-03,Damaged Item,Resolved,21,4
T00000051,CUST002925,2026-02-17,Delivery Delay,Resolved,17,5
T00000052,CUST001185,2025-12-13,Delivery Delay,Resolved,27,5
T00000053,CUST001598,2023-12-25,Payment Issue,Resolved,5,4
T00000054,CUST002388,2026-02-04,Delivery Delay,Resolved,54,3
T00000055,CUST007817,2024-07-30,Wrong Item,Resolved,20,4
T00000056,CUST007277,2026-02-22,Refund/Return,Resolved,35,4
T00000057,CUST006823,2026-02-21,Delivery Delay,Resolved,16,5
T00000058,CUST007868,2026-02-15,Refund/Return,Resolved,9,5
T00000059,CUST000640,2025-12-11,Payment Issue,Resolved,5,5
T00000060,CUST007659,2025-12-20,Coupon/Promo Issue,Open,11,2
T00000061,CUST009075,2024-03-03,Quality Concern,Resolved,18,5
T00000062,CUST003274,2026-01-28,Damaged Item,Open,11,1
T00000063,CUST006565,2026-02-06,Coupon/Promo Issue,Open,23,1
T00000064,CUST000622,2026-02-21,Damaged Item,Open,8,1
T00000065,CUST001477,2026-02-06,Delivery Delay,Resolved,17,5
T00000066,CUST004002,2026-01-21,Wrong Item,Resolved,37,5
T00000067,CUST002654,2025-09-03,Delivery Delay,Open,11,1
T00000068,CUST009824,2026-01-10,Quality Concern,Resolved,11,5
T00000069,CUST005734,2023-12-18,Payment Issue,Resolved,14,5
T00000070,CUST007980,2026-02-02,Quality Concern,Resolved,35,5
T00000071,CUST005649,2026-01-25,Refund/Return,Resolved,30,3
T00000072,CUST003653,2026-02-22,Delivery Delay,Resolved,6,4
T00000073,CUST001713,2026-01-22,Coupon/Promo Issue,Resolved,91,4
T00000074,CUST008171,2024-04-02,Delivery Delay,Resolved,9,5
T00000075,CUST006546,2026-01-23,Wrong Item,Resolved,32,5
T00000076,CUST009921,2026-02-12,Coupon/Promo Issue,Resolved,23,5
T00000077,CUST008581,2024-01-23,Delivery Delay,Open,9,1
T00000078,CUST007259,2026-02-22,Coupon/Promo Issue,Open,14,2
T00000079,CUST001180,2026-02-02,Coupon/Promo Issue,Resolved,27,5
T00000080,CUST002024,2026-01-29,Damaged Item,Resolved,24,5
T00000081,CUST009722,2026-01-14,Coupon/Promo Issue,Open,17,1
T00000082,CUST008772,2026-01-08,Wrong Item,Resolved,9,5
T00000083,CUST007292,2026-02-22,Quality Concern,Resolved,4,5
T00000084,CUST000125,2026-01-12,Refund/Return,Resolved,2,5
T00000085,CUST005830,2026-02-19,Refund/Return,Resolved,10,5
T00000086,CUST006844,2026-02-22,Payment Issue,Resolved,12,5
T00000087,CUST006369,2024-10-28,Coupon/Promo Issue,Resolved,8,5
T00000088,CUST004611,2024-08-14,Wrong Item,Resolved,15,5
T00000089,CUST006876,2025-07-13,Delivery Delay,Resolved,16,4
T00000090,CUST006094,2026-02-01,Delivery Delay,Resolved,24,5
T00000091,CUST000098,2025-03-11,Payment Issue,Resolved,12,4
T00000092,CUST000762,2026-02-22,Coupon/Promo Issue,Resolved,36,5
T00000093,CUST005293,2026-01-13,Damaged Item,Resolved,9,5
T00000094,CUST002959,2024-08-16,Delivery Delay,Resolved,41,5
T00000095,CUST008871,2026-02-17,Delivery Delay,Resolved,15,5
T00000096,CUST003770,2026-01-11,Delivery Delay,Resolved,22,5
T00000097,CUST000729,2026-02-08,Refund/Return,Resolved,28,4
T00000098,CUST005917,2026-02-04,Damaged Item,Resolved,9,5
T00000099,CUST004883,2026-02-11,Payment Issue,Escalated,5,4
T00000100,CUST004737,2026-02-04,Payment Issue,Resolved,8,5
T00000101,CUST002762,2026-02-19,Quality Concern,Resolved,9,5
T00000102,CUST003069,2025-10-16,Refund/Return,Resolved,38,5
T00000103,CUST002498,2026-02-22,Refund/Return,Resolved,13,5
T00000104,CUST009892,2025-03-10,Payment Issue,Resolved,12,5
T00000105,CUST007784,2026-02-18,Damaged Item,Resolved,7,4
T00000106,CUST007797,2024-11-24,Payment Issue,Resolved,31,4
T00000107,CUST000497,2025-12-09,Delivery Delay,Resolved,19,4
T00000108,CUST005843,2026-02-06,Quality Concern,Resolved,13,5
T00000109,CUST005375,2026-01-19,Quality Concern,Resolved,18,5
T00000110,CUST009773,2026-02-01,Refund/Return,Resolved,17,5
T00000111,CUST000873,2026-02-22,Damaged Item,Open,50,1
T00000112,CUST005011,2026-02-22,Refund/Return,Resolved,20,4
T00000113,CUST001348,2026-01-07,Coupon/Promo Issue,Resolved,28,5
T00000114,CUST009727,2026-01-25,Refund/Return,Resolved,14,5
T00000115,CUST003695,2026-02-22,Wrong Item,Resolved,7,5
T00000116,CUST008679,2026-02-10,Payment Issue,Resolved,12,4
T00000117,CUST004840,2025-05-31,Coupon/Promo Issue,Resolved,6,5
T00000118,CUST007870,2024-05-20,Coupon/Promo Issue,Resolved,29,4
T00000119,CUST008496,2023-07-24,Payment Issue,Escalated,11,5
T00000120,CUST006567,2026-02-22,Coupon/Promo Issue,Resolved,29,5
T00000121,CUST001969,2026-02-22,Wrong Item,Resolved,17,5
T00000122,CUST008401,2025-12-30,Payment Issue,Resolved,3,5
T00000123,CUST007007,2025-07-27,Coupon/Promo Issue,Resolved,10,5
T00000124,CUST009642,2026-01-15,Wrong Item,Resolved,7,3
T00000125,CUST005097,2026-02-22,Damaged Item,Open,16,2
T00000126,CUST003992,2024-04-12,Wrong Item,Resolved,8,3
T00000127,CUST003690,2024-08-22,Delivery Delay,Resolved,22,5
T00000128,CUST001443,2024-02-29,Quality Concern,Open,9,2
T00000129,CUST009795,2026-02-11,Wrong Item,Resolved,9,5
T00000130,CUST005000,2024-03-01,Delivery Delay,Resolved,15,5
T00000131,CUST001594,2026-02-22,Quality Concern,Resolved,9,5
T00000132,CUST003830,2026-02-22,Coupon/Promo Issue,Resolved,35,4
T00000133,CUST003156,2026-01-21,Delivery Delay,Resolved,20,5
T00000134,CUST004401,2026-02-18,Wrong Item,Resolved,6,5
T00000135,CUST001071,2026-02-05,Delivery Delay,Resolved,9,5
T00000136,CUST009015,2025-12-30,Refund/Return,Resolved,32,5
T00000137,CUST002457,2026-01-08,Coupon/Promo Issue,Resolved,12,5
T00000138,CUST007702,2026-01-29,Refund/Return,Open,9,3
T00000139,CUST001785,2026-02-05,Wrong Item,Resolved,23,4
T00000140,CUST001909,2026-01-26,Delivery Delay,Resolved,10,5
T00000141,CUST003063,2026-02-22,Quality Concern,Open,21,3
T00000142,CUST008266,2025-11-02,Coupon/Promo Issue,Resolved,44,4
T00000143,CUST000373,2026-02-22,Refund/Return,Open,28,1
T00000144,CUST009831,2025-10-19,Payment Issue,Resolved,14,4
T00000145,CUST008039,2025-08-21,Delivery Delay,Resolved,39,5
T00000146,CUST001250,2026-02-07,Coupon/Promo Issue,Resolved,10,5
T00000147,CUST001944,2025-11-10,Damaged Item,Resolved,13,5
T00000148,CUST009423,2026-01-24,Quality Concern,Open,8,1
T00000149,CUST009524,2024-04-28,Wrong Item,Open,12,1
T00000150,CUST002075,2026-02-15,Payment Issue,Resolved,4,5
T00000151,CUST003605,2026-02-12,Delivery Delay,Resolved,46,4
T00000152,CUST008610,2025-07-04,Delivery Delay,Resolved,4,5
T00000153,CUST000735,2026-02-20,Delivery Delay,Resolved,13,5
T00000154,CUST009213,2023-10-05,Coupon/Promo Issue,Resolved,13,5
T00000155,CUST007376,2026-02-07,Payment Issue,Resolved,16,4
T00000156,CUST004566,2026-02-22,Delivery Delay,Resolved,20,4
T00000157,CUST000660,2026-02-22,Damaged Item,Resolved,3,4
T00000158,CUST001201,2024-05-11,Payment Issue,Resolved,75,4
T00000159,CUST006625,2026-02-22,Quality Concern,Resolved,22,4
T00000160,CUST007636,2026-02-19,Refund/Return,Resolved,18,4
T00000161,CUST005047,2026-02-10,Refund/Return,Resolved,7,5
T00000162,CUST001068,2023-09-27,Coupon/Promo Issue,Escalated,13,5
T00000163,CUST006754,2026-01-21,Coupon/Promo Issue,Resolved,9,5
T00000164,CUST002467,2026-02-22,Refund/Return,Resolved,10,5
T00000165,CUST005923,2026-02-19,Damaged Item,Open,59,3
T00000166,CUST002443,2024-07-04,Coupon/Promo Issue,Resolved,48,5
T00000167,CUST004716,2025-10-10,Damaged Item,Resolved,14,4
T00000168,CUST000809,2026-01-05,Coupon/Promo Issue,Resolved,8,5
T00000169,CUST001713,2026-01-13,Quality Concern,Resolved,25,5
T00000170,CUST003666,2025-11-28,Coupon/Promo Issue,Resolved,42,5
T00000171,CUST005292,2025-10-16,Refund/Return,Resolved,10,4
T00000172,CUST004402,2023-09-23,Delivery Delay,Resolved,10,5
T00000173,CUST004781,2026-02-14,Payment Issue,Open,23,2
T00000174,CUST000711,2026-02-01,Wrong Item,Resolved,12,5
T00000175,CUST001718,2025-03-14,Payment Issue,Resolved,4,5
T00000176,CUST006727,2026-01-22,Quality Concern,Resolved,4,4
T00000177,CUST003963,2026-01-29,Damaged Item,Open,32,2
T00000178,CUST001533,2026-02-08,Delivery Delay,Resolved,55,3
T00000179,CUST008490,2026-02-14,Delivery Delay,Resolved,21,4
T00000180,CUST004741,2026-01-18,Damaged Item,Open,6,1
T00000181,CUST003106,2026-01-30,Refund/Return,Open,5,2
T00000182,CUST005448,2026-02-12,Wrong Item,Open,24,1
T00000183,CUST008799,2026-01-09,Coupon/Promo Issue,Resolved,13,4
T00000184,CUST000190,2025-09-11,Delivery Delay,Resolved,27,4
T00000185,CUST005111,2026-02-15,Damaged Item,Resolved,10,4
T00000186,CUST006477,2026-02-13,Delivery Delay,Resolved,33,5
T00000187,CUST009576,2026-02-06,Damaged Item,Resolved,18,4
T00000188,CUST007764,2025-10-12,Damaged Item,Escalated,13,5
T00000189,CUST003556,2026-01-28,Wrong Item,Resolved,24,4
T00000190,CUST003276,2025-06-14,Delivery Delay,Resolved,38,5
T00000191,CUST001429,2026-02-22,Quality Concern,Resolved,4,5
T00000192,CUST009545,2025-09-06,Refund/Return,Resolved,33,4
T00000193,CUST004880,2026-02-15,Coupon/Promo Issue,Resolved,16,4
T00000194,CUST008755,2025-10-09,Coupon/Promo Issue,Open,22,2
T00000195,CUST001678,2024-08-15,Delivery Delay,Resolved,27,5
T00000196,CUST007615,2026-02-22,Refund/Return,Resolved,15,4
T00000197,CUST006425,2025-12-04,Damaged Item,Resolved,5,5
T00000198,CUST008791,2026-01-16,Refund/Return,Resolved,15,5
T00000199,CUST008612,2026-02-22,Quality Concern,Open,6,3
T00000200,CUST004930,2025-12-24,Quality Concern,Resolved,10,4
T00000201,CUST009151,2026-02-22,Quality Concern,Escalated,28,4
T00000202,CUST005503,2025-11-03,Payment Issue,Resolved,11,4
T00000203,CUST001790,2026-01-30,Quality Concern,Resolved,80,4
T00000204,CUST003644,2026-01-25,Damaged Item,Resolved,13,4
T00000205,CUST009314,2024-08-21,Payment Issue,Resolved,42,3
T00000206,CUST004713,2024-10-08,Refund/Return,Resolved,19,5
T00000207,CUST007403,2026-01-01,Delivery Delay,Resolved,6,5
T00000208,CUST009399,2026-02-22,Delivery Delay,Resolved,22,5
T00000209,CUST006040,2026-01-31,Refund/Return,Open,17,3
T00000210,CUST007647,2025-05-16,Refund/Return,Resolved,10,5
T00000211,CUST007513,2026-02-03,Damaged Item,Resolved,24,5
T00000212,CUST007224,2024-10-01,Refund/Return,Resolved,22,4
T00000213,CUST004497,2025-07-30,Delivery Delay,Resolved,9,5
T00000214,CUST002027,2026-02-18,Damaged Item,Resolved,6,5
T00000215,CUST005280,2025-12-28,Damaged Item,Resolved,22,5
T00000216,CUST009075,2024-02-22,Delivery Delay,Resolved,30,5
T00000217,CUST007747,2025-05-16,Quality Concern,Resolved,9,3
T00000218,CUST007124,2026-02-03,Delivery Delay,Resolved,10,5
T00000219,CUST007838,2026-02-08,Quality Concern,Resolved,23,5
T00000220,CUST002666,2026-02-22,Wrong Item,Resolved,8,4
T00000221,CUST006566,2025-07-10,Delivery Delay,Resolved,28,5
T00000222,CUST005334,2025-03-27,Quality Concern,Resolved,24,5
T00000223,CUST002695,2026-01-20,Coupon/Promo Issue,Resolved,19,5
T00000224,CUST002468,2026-02-22,Delivery Delay,Resolved,24,5
T00000225,CUST006894,2025-12-07,Delivery Delay,Resolved,8,4
T00000226,CUST006668,2025-10-21,Quality Concern,Escalated,29,5
T00000227,CUST003788,2026-02-10,Delivery Delay,Resolved,15,5
T00000228,CUST008903,2025-10-29,Payment Issue,Resolved,44,5
T00000229,CUST001168,2025-07-31,Damaged Item,Resolved,18,5
T00000230,CUST006858,2026-02-11,Refund/Return,Resolved,5,5
T00000231,CUST002304,2026-02-09,Wrong Item,Resolved,13,4
T00000232,CUST009085,2026-02-03,Refund/Return,Resolved,11,5
T00000233,CUST005867,2026-02-13,Quality Concern,Open,15,1
T00000234,CUST000450,2024-06-26,Quality Concern,Resolved,8,5
T00000235,CUST004284,2026-02-22,Coupon/Promo Issue,Escalated,18,5
T00000236,CUST004504,2024-03-08,Quality Concern,Resolved,9,3
T00000237,CUST006151,2026-02-14,Quality Concern,Resolved,18,5
T00000238,CUST003581,2025-10-05,Refund/Return,Resolved,7,5
T00000239,CUST007908,2026-01-03,Delivery Delay,Resolved,21,4
T00000240,CUST005245,2026-02-14,Wrong Item,Resolved,21,4
T00000241,CUST004648,2026-02-09,Payment Issue,Resolved,43,4
T00000242,CUST001902,2025-11-19,Refund/Return,Resolved,11,4
T00000243,CUST000027,2026-02-05,Quality Concern,Resolved,6,4
T00000244,CUST005360,2026-02-22,Refund/Return,Resolved,14,5
T00000245,CUST009691,2025-03-17,Payment Issue,Resolved,14,5
T00000246,CUST007462,2025-09-26,Damaged Item,Resolved,9,5
T00000247,CUST001073,2026-02-14,Wrong Item,Resolved,14,4
T00000248,CUST000076,2026-02-02,Coupon/Promo Issue,Resolved,15,4
T00000249,CUST004863,2025-11-26,Damaged Item,Resolved,21,5
T00000250,CUST002957,2026-02-14,Delivery Delay,Resolved,7,4
T00000251,CUST000928,2024-07-24,Quality Concern,Resolved,15,5
T00000252,CUST009964,2026-02-19,Delivery Delay,Resolved,12,5
T00000253,CUST006832,2025-11-05,Wrong Item,Resolved,7,4
T00000254,CUST000812,2026-02-22,Payment Issue,Resolved,22,5
T00000255,CUST007555,2026-02-17,Damaged Item,Resolved,2,5
T00000256,CUST000031,2025-12-26,Damaged Item,Resolved,10,5
T00000257,CUST007904,2026-01-13,Delivery Delay,Resolved,33,5
T00000258,CUST007115,2026-02-06,Quality Concern,Resolved,6,5
T00000259,CUST001590,2026-01-17,Refund/Return,Resolved,55,5
T00000260,CUST006098,2026-02-20,Coupon/Promo Issue,Resolved,24,4
T00000261,CUST005885,2026-02-07,Quality Concern,Resolved,8,5
T00000262,CUST005766,2026-01-19,Coupon/Promo Issue,Open,22,2
T00000263,CUST002714,2026-02-11,Delivery Delay,Resolved,64,4
T00000264,CUST004407,2026-02-22,Payment Issue,Resolved,18,5
T00000265,CUST002263,2026-02-22,Delivery Delay,Resolved,11,5
T00000266,CUST000596,2025-12-07,Delivery Delay,Resolved,4,5
T00000267,CUST005467,2024-09-28,Damaged Item,Resolved,22,5
T00000268,CUST005581,2024-09-08,Payment Issue,Resolved,13,5
T00000269,CUST001611,2026-02-22,Delivery Delay,Resolved,8,4
T00000270,CUST004078,2026-02-14,Delivery Delay,Resolved,38,5
T00000271,CUST008112,2026-02-17,Delivery Delay,Resolved,8,5
T00000272,CUST002069,2025-11-06,Wrong Item,Resolved,4,4
T00000273,CUST000937,2026-01-06,Coupon/Promo Issue,Resolved,52,4
T00000274,CUST003946,2025-08-24,Refund/Return,Open,13,2
T00000275,CUST007356,2024-06-30,Coupon/Promo Issue,Resolved,11,5
T00000276,CUST000131,2025-12-27,Refund/Return,Resolved,11,3
T00000277,CUST001583,2026-02-14,Payment Issue,Resolved,8,5
T00000278,CUST005553,2025-12-21,Refund/Return,Resolved,5,5
T00000279,CUST001174,2025-09-03,Delivery Delay,Resolved,13,5
T00000280,CUST000277,2026-02-16,Damaged Item,Resolved,7,5
T00000281,CUST009359,2026-02-02,Delivery Delay,Resolved,25,4
T00000282,CUST003739,2026-02-22,Refund/Return,Open,11,1
T00000283,CUST007533,2026-02-22,Quality Concern,Resolved,11,4
T00000284,CUST001264,2026-02-14,Refund/Return,Escalated,16,5
T00000285,CUST001504,2026-02-18,Refund/Return,Resolved,16,5
T00000286,CUST007585,2026-02-17,Delivery Delay,Resolved,13,5
T00000287,CUST000711,2026-02-21,Delivery Delay,Resolved,19,5
T00000288,CUST009336,2026-02-22,Coupon/Promo Issue,Resolved,18,5
T00000289,CUST008719,2026-01-18,Delivery Delay,Open,6,3
T00000290,CUST004071,2026-02-16,Coupon/Promo Issue,Resolved,6,5
T00000291,CUST000843,2026-01-15,Quality Concern,Resolved,9,5
T00000292,CUST002274,2026-01-22,Coupon/Promo Issue,Resolved,16,5
T00000293,CUST005154,2026-02-22,Delivery Delay,Resolved,21,5
T00000294,CUST002408,2026-02-22,Damaged Item,Resolved,17,5
T00000295,CUST004568,2025-12-10,Delivery Delay,Resolved,16,5
T00000296,CUST009417,2026-02-19,Damaged Item,Resolved,5,5
T00000297,CUST001004,2026-02-22,Coupon/Promo Issue,Resolved,2,5
T00000298,CUST000098,2025-03-06,Wrong Item,Resolved,13,5
T00000299,CUST003593,2026-02-22,Delivery Delay,Resolved,10,4
T00000300,CUST009203,2025-10-22,Delivery Delay,Resolved,31,5
T00000301,CUST003957,2026-02-22,Delivery Delay,Resolved,15,5
T00000302,CUST007325,2026-02-22,Payment Issue,Resolved,6,5
T00000303,CUST009067,2025-08-27,Damaged Item,Resolved,17,5
T00000304,CUST009376,2025-08-29,Quality Concern,Resolved,18,5
T00000305,CUST006045,2026-02-13,Wrong Item,Resolved,4,5
T00000306,CUST008001,2026-01-07,Refund/Return,Resolved,26,3
T00000307,CUST009702,2025-12-30,Refund/Return,Open,11,2
T00000308,CUST007250,2026-02-15,Delivery Delay,Resolved,23,5
T00000309,CUST004916,2026-02-22,Delivery Delay,Resolved,34,5
T00000310,CUST006713,2026-01-20,Quality Concern,Resolved,13,5
T00000311,CUST007971,2026-02-22,Refund/Return,Resolved,5,4
T00000312,CUST002019,2026-02-03,Delivery Delay,Resolved,26,5
T00000313,CUST000188,2025-12-20,Refund/Return,Resolved,5,5
T00000314,CUST003359,2026-01-23,Damaged Item,Resolved,13,5
T00000315,CUST000505,2026-02-15,Coupon/Promo Issue,Open,9,1
T00000316,CUST007178,2025-10-24,Delivery Delay,Open,10,1
T00000317,CUST004182,2026-02-01,Damaged Item,Resolved,9,5
T00000318,CUST001175,2025-10-31,Payment Issue,Escalated,11,5
T00000319,CUST006367,2025-08-20,Refund/Return,Resolved,6,4
T00000320,CUST003471,2024-10-09,Quality Concern,Resolved,9,5
T00000321,CUST004298,2026-02-11,Delivery Delay,Resolved,7,5
T00000322,CUST001482,2024-03-28,Coupon/Promo Issue,Resolved,11,5
T00000323,CUST004355,2026-01-19,Coupon/Promo Issue,Resolved,12,5
T00000324,CUST009061,2025-09-15,Refund/Return,Open,10,3
T00000325,CUST001288,2025-08-25,Damaged Item,Resolved,6,5
T00000326,CUST003117,2026-01-07,Wrong Item,Resolved,62,4
T00000327,CUST007278,2025-10-17,Refund/Return,Resolved,17,5
T00000328,CUST007552,2026-02-01,Damaged Item,Resolved,9,5
T00000329,CUST008280,2025-09-07,Damaged Item,Escalated,26,5
T00000330,CUST008148,2025-10-03,Quality Concern,Resolved,30,5
T00000331,CUST004859,2026-02-09,Quality Concern,Open,6,1
T00000332,CUST005926,2026-02-14,Coupon/Promo Issue,Resolved,13,5
T00000333,CUST009848,2025-08-20,Payment Issue,Resolved,6,5
T00000334,CUST006429,2026-02-08,Damaged Item,Resolved,24,5
T00000335,CUST003710,2026-02-02,Delivery Delay,Resolved,5,4
T00000336,CUST007511,2026-02-06,Refund/Return,Resolved,12,5
T00000337,CUST007854,2023-12-24,Payment Issue,Resolved,20,5
T00000338,CUST003606,2026-02-10,Refund/Return,Resolved,3,5
T00000339,CUST004205,2025-12-18,Refund/Return,Resolved,7,5
T00000340,CUST002762,2026-01-29,Delivery Delay,Resolved,13,5
T00000341,CUST005256,2026-02-10,Payment Issue,Resolved,8,5
T00000342,CUST009193,2026-02-22,Delivery Delay,Open,23,2
T00000343,CUST007727,2026-02-17,Coupon/Promo Issue,Resolved,14,5
T00000344,CUST000393,2025-09-01,Wrong Item,Resolved,5,5
T00000345,CUST003298,2023-11-20,Refund/Return,Resolved,12,5
T00000346,CUST001210,2025-11-02,Delivery Delay,Resolved,4,5
T00000347,CUST002650,2026-02-20,Refund/Return,Resolved,9,5
T00000348,CUST009787,2026-01-17,Quality Concern,Resolved,13,5
T00000349,CUST003447,2026-02-17,Coupon/Promo Issue,Escalated,25,5
T00000350,CUST000877,2025-02-10,Delivery Delay,Resolved,21,5
T00000351,CUST002518,2026-02-22,Delivery Delay,Open,22,1
T00000352,CUST008971,2026-02-05,Coupon/Promo Issue,Resolved,19,4
T00000353,CUST009288,2026-02-22,Refund/Return,Resolved,6,5
T00000354,CUST001194,2024-02-27,Delivery Delay,Resolved,9,5
T00000355,CUST008018,2026-01-14,Quality Concern,Resolved,35,4
T00000356,CUST005507,2026-02-22,Coupon/Promo Issue,Resolved,90,4
T00000357,CUST008244,2024-06-02,Refund/Return,Resolved,40,5
T00000358,CUST004777,2026-01-12,Damaged Item,Resolved,10,5
T00000359,CUST002478,2026-01-21,Refund/Return,Escalated,22,5
T00000360,CUST008710,2026-01-30,Quality Concern,Resolved,34,4
T00000361,CUST000861,2026-02-22,Coupon/Promo Issue,Escalated,11,4
T00000362,CUST002973,2026-02-05,Wrong Item,Resolved,30,5
T00000363,CUST005485,2026-02-21,Refund/Return,Resolved,34,5
T00000364,CUST000109,2025-06-23,Quality Concern,Escalated,5,5
T00000365,CUST001964,2025-10-15,Refund/Return,Resolved,13,5
T00000366,CUST000761,2025-06-05,Refund/Return,Open,40,2
T00000367,CUST006312,2026-01-22,Refund/Return,Resolved,14,5
T00000368,CUST009277,2025-04-14,Delivery Delay,Open,21,1
T00000369,CUST007686,2026-01-30,Delivery Delay,Resolved,5,5
T00000370,CUST000661,2026-02-22,Coupon/Promo Issue,Resolved,3,4
T00000371,CUST004358,2025-11-17,Quality Concern,Resolved,11,5
T00000372,CUST007060,2025-07-01,Coupon/Promo Issue,Resolved,25,5
T00000373,CUST001997,2026-02-13,Quality Concern,Resolved,8,5
T00000374,CUST000464,2026-02-22,Coupon/Promo Issue,Resolved,14,5
T00000375,CUST001478,2026-02-22,Delivery Delay,Resolved,16,5
T00000376,CUST005076,2026-02-22,Coupon/Promo Issue,Resolved,19,4
T00000377,CUST006449,2025-01-27,Wrong Item,Resolved,22,4
T00000378,CUST002271,2023-12-13,Damaged Item,Resolved,22,5
T00000379,CUST004249,2026-01-18,Refund/Return,Resolved,12,5
T00000380,CUST008683,2026-02-21,Delivery Delay,Resolved,11,5
T00000381,CUST004718,2025-05-19,Wrong Item,Resolved,6,5
T00000382,CUST000658,2025-05-22,Damaged Item,Resolved,31,4
T00000383,CUST001811,2026-01-12,Refund/Return,Open,13,2
T00000384,CUST009153,2025-02-16,Quality Concern,Resolved,7,5
T00000385,CUST006960,2026-02-18,Quality Concern,Resolved,6,5
T00000386,CUST005875,2025-08-08,Wrong Item,Resolved,5,5
T00000387,CUST005205,2026-01-04,Refund/Return,Resolved,54,4
T00000388,CUST005599,2026-02-14,Coupon/Promo Issue,Resolved,9,5
T00000389,CUST006414,2025-05-23,Refund/Return,Resolved,12,5
T00000390,CUST007218,2025-12-28,Refund/Return,Resolved,10,5
T00000391,CUST006683,2026-01-12,Delivery Delay,Resolved,26,5
T00000392,CUST002230,2025-12-29,Wrong Item,Resolved,8,5
T00000393,CUST004064,2024-12-20,Damaged Item,Resolved,27,5
T00000394,CUST004950,2026-02-18,Delivery Delay,Resolved,56,5
T00000395,CUST008423,2026-02-14,Damaged Item,Resolved,25,5
T00000396,CUST005372,2026-02-09,Delivery Delay,Resolved,16,5
T00000397,CUST004458,2025-10-09,Coupon/Promo Issue,Resolved,24,5
T00000398,CUST007499,2025-02-03,Coupon/Promo Issue,Resolved,18,5
T00000399,CUST002538,2025-10-17,Wrong Item,Resolved,21,4
T00000400,CUST004639,2026-01-12,Refund/Return,Open,12,1
T00000401,CUST000930,2025-11-22,Refund/Return,Resolved,18,4
T00000402,CUST000452,2026-02-22,Damaged Item,Resolved,16,3
T00000403,CUST006839,2026-02-14,Refund/Return,Open,7,1
T00000404,CUST006638,2026-02-18,Coupon/Promo Issue,Open,12,3
T00000405,CUST009132,2026-01-29,Delivery Delay,Resolved,7,5
T00000406,CUST001314,2025-12-03,Delivery Delay,Resolved,13,5
T00000407,CUST000161,2026-02-22,Wrong Item,Resolved,6,5
T00000408,CUST001102,2025-09-20,Damaged Item,Escalated,12,5
T00000409,CUST006825,2026-02-14,Delivery Delay,Resolved,86,3
T00000410,CUST005360,2026-02-15,Delivery Delay,Resolved,22,5
T00000411,CUST009258,2026-02-10,Delivery Delay,Resolved,4,5
T00000412,CUST004457,2026-02-22,Damaged Item,Resolved,14,4
T00000413,CUST003149,2024-08-03,Refund/Return,Resolved,21,4
T00000414,CUST005964,2026-01-19,Delivery Delay,Resolved,14,4
T00000415,CUST002114,2026-02-22,Quality Concern,Resolved,11,5
T00000416,CUST001700,2026-02-22,Payment Issue,Resolved,13,5
T00000417,CUST004986,2025-12-07,Payment Issue,Resolved,7,5
T00000418,CUST005606,2026-01-27,Wrong Item,Resolved,48,5
T00000419,CUST009541,2026-02-22,Coupon/Promo Issue,Resolved,23,5
T00000420,CUST005730,2026-02-22,Delivery Delay,Resolved,6,5
T00000421,CUST006360,2026-02-15,Coupon/Promo Issue,Resolved,10,5
T00000422,CUST006759,2025-11-06,Wrong Item,Resolved,19,5
T00000423,CUST002991,2024-11-16,Delivery Delay,Resolved,23,5
T00000424,CUST000032,2026-02-16,Refund/Return,Resolved,13,4
T00000425,CUST007804,2026-02-22,Payment Issue,Resolved,22,5
T00000426,CUST001233,2026-02-22,Coupon/Promo Issue,Resolved,39,4
T00000427,CUST007855,2026-01-14,Damaged Item,Resolved,16,5
T00000428,CUST005547,2026-01-18,Refund/Return,Resolved,12,5
T00000429,CUST008598,2026-01-28,Damaged Item,Open,25,2
T00000430,CUST001818,2026-02-10,Delivery Delay,Resolved,10,5
T00000431,CUST004121,2025-12-24,Refund/Return,Escalated,7,5
T00000432,CUST007156,2025-07-06,Refund/Return,Resolved,8,4
T00000433,CUST004284,2026-02-22,Damaged Item,Resolved,4,5
T00000434,CUST008942,2026-02-22,Delivery Delay,Resolved,38,5
T00000435,CUST007163,2025-12-02,Payment Issue,Resolved,12,5
T00000436,CUST009166,2025-05-21,Coupon/Promo Issue,Resolved,11,5
T00000437,CUST007145,2025-02-25,Delivery Delay,Resolved,14,4
T00000438,CUST000469,2026-02-18,Refund/Return,Resolved,15,4
T00000439,CUST002734,2024-07-19,Damaged Item,Resolved,40,4
T00000440,CUST003933,2026-02-20,Coupon/Promo Issue,Resolved,7,4
T00000441,CUST000687,2026-02-22,Quality Concern,Resolved,19,5
T00000442,CUST009442,2026-02-22,Damaged Item,Resolved,7,4
T00000443,CUST006444,2025-01-24,Coupon/Promo Issue,Resolved,26,5
T00000444,CUST007511,2026-01-19,Payment Issue,Resolved,6,4
T00000445,CUST000445,2026-02-09,Payment Issue,Resolved,23,5
T00000446,CUST000045,2026-01-13,Delivery Delay,Resolved,4,4
T00000447,CUST007911,2025-11-28,Wrong Item,Resolved,22,4
T00000448,CUST002356,2026-02-07,Damaged Item,Resolved,8,5
T00000449,CUST009999,2026-02-17,Quality Concern,Resolved,13,5
T00000450,CUST008668,2026-02-15,Refund/Return,Resolved,6,4
T00000451,CUST000530,2026-02-22,Refund/Return,Open,17,2
T00000452,CUST000811,2024-08-10,Damaged Item,Escalated,31,5
T00000453,CUST004126,2025-11-26,Payment Issue,Open,10,1
T00000454,CUST003204,2025-08-19,Damaged Item,Resolved,5,5
T00000455,CUST000153,2026-02-01,Wrong Item,Resolved,16,5
T00000456,CUST004542,2026-02-22,Coupon/Promo Issue,Open,13,3
T00000457,CUST008295,2024-03-24,Quality Concern,Resolved,8,5
T00000458,CUST005403,2026-02-22,Coupon/Promo Issue,Resolved,17,5
T00000459,CUST005826,2026-02-06,Quality Concern,Resolved,5,5
T00000460,CUST009467,2024-10-08,Damaged Item,Resolved,16,5
T00000461,CUST008335,2026-02-19,Coupon/Promo Issue,Resolved,10,4
T00000462,CUST001677,2025-11-23,Delivery Delay,Resolved,13,5
T00000463,CUST003200,2026-02-16,Wrong Item,Resolved,10,5
T00000464,CUST003128,2026-01-23,Damaged Item,Resolved,30,5
T00000465,CUST000301,2024-06-05,Coupon/Promo Issue,Resolved,5,5
T00000466,CUST006003,2026-02-06,Wrong Item,Escalated,13,5
T00000467,CUST005921,2025-12-20,Refund/Return,Resolved,28,4
T00000468,CUST001634,2024-04-26,Delivery Delay,Open,19,3
T00000469,CUST001942,2025-12-05,Coupon/Promo Issue,Open,16,3
T00000470,CUST006471,2025-10-12,Refund/Return,Resolved,11,5
T00000471,CUST003799,2026-02-10,Coupon/Promo Issue,Resolved,13,5
T00000472,CUST002472,2024-06-07,Quality Concern,Resolved,33,5
T00000473,CUST002824,2026-01-30,Delivery Delay,Resolved,9,5
T00000474,CUST001244,2026-02-21,Quality Concern,Escalated,13,5
T00000475,CUST003892,2026-02-14,Coupon/Promo Issue,Resolved,10,5
T00000476,CUST003127,2026-01-09,Damaged Item,Resolved,58,4
T00000477,CUST002836,2026-02-22,Payment Issue,Resolved,55,4
T00000478,CUST001815,2024-02-17,Delivery Delay,Resolved,22,4
T00000479,CUST007842,2026-02-22,Refund/Return,Open,17,1
T00000480,CUST004572,2025-04-10,Delivery Delay,Open,30,1
T00000481,CUST002138,2026-02-07,Coupon/Promo Issue,Resolved,12,5
T00000482,CUST004993,2026-02-07,Delivery Delay,Resolved,14,5
T00000483,CUST004565,2026-02-22,Payment Issue,Resolved,25,4
T00000484,CUST000213,2026-02-22,Delivery Delay,Resolved,25,5
T00000485,CUST009890,2023-10-27,Quality Concern,Resolved,9,5
T00000486,CUST002087,2026-01-07,Delivery Delay,Resolved,29,5
T00000487,CUST005225,2026-02-22,Delivery Delay,Resolved,8,5
T00000488,CUST000082,2025-01-08,Damaged Item,Resolved,3,5
T00000489,CUST000758,2026-02-21,Coupon/Promo Issue,Resolved,41,5
T00000490,CUST006127,2025-11-09,Refund/Return,Open,12,3
T00000491,CUST003041,2026-02-10,Damaged Item,Resolved,16,4
T00000492,CUST003536,2024-09-30,Damaged Item,Resolved,20,4
T00000493,CUST004988,2023-09-02,Damaged Item,Resolved,5,4
T00000494,CUST009927,2026-01-17,Refund/Return,Resolved,18,5
T00000495,CUST003412,2026-02-22,Refund/Return,Resolved,15,4
T00000496,CUST007925,2025-01-12,Coupon/Promo Issue,Resolved,13,4
T00000497,CUST003045,2024-12-26,Coupon/Promo Issue,Resolved,5,5
T00000498,CUST001550,2026-02-21,Refund/Return,Open,24,2
T00000499,CUST004067,2026-02-22,Refund/Return,Resolved,7,4
T00000500,CUST007475,2026-02-14,Refund/Return,Escalated,15,4
T00000501,CUST005212,2025-11-27,Damaged Item,Resolved,20,5
T00000502,CUST008978,2026-02-18,Damaged Item,Resolved,11,5
T00000503,CUST007113,2026-01-23,Delivery Delay,Resolved,16,5
T00000504,CUST007565,2026-02-21,Payment Issue,Resolved,22,4
T00000505,CUST003276,2025-06-15,Quality Concern,Resolved,18,5
T00000506,CUST001544,2026-02-15,Payment Issue,Resolved,7,5
T00000507,CUST006942,2024-04-15,Damaged Item,Open,29,2
T00000508,CUST002121,2026-01-04,Coupon/Promo Issue,Resolved,15,5
T00000509,CUST003541,2026-02-22,Refund/Return,Resolved,16,4
T00000510,CUST002466,2026-01-17,Wrong Item,Resolved,4,5
T00000511,CUST004256,2026-01-25,Refund/Return,Resolved,13,4
T00000512,CUST002707,2024-08-20,Damaged Item,Resolved,26,4
T00000513,CUST003049,2026-02-22,Coupon/Promo Issue,Resolved,13,4
T00000514,CUST008585,2025-08-02,Delivery Delay,Resolved,6,5
T00000515,CUST006277,2026-01-24,Wrong Item,Resolved,14,5
T00000516,CUST008923,2026-02-12,Payment Issue,Resolved,20,5
T00000517,CUST000206,2024-04-17,Delivery Delay,Resolved,10,5
T00000518,CUST002161,2026-02-16,Quality Concern,Resolved,14,5
T00000519,CUST005195,2026-01-24,Payment Issue,Open,6,3
T00000520,CUST009958,2024-02-05,Delivery Delay,Resolved,27,4
T00000521,CUST000072,2024-11-16,Wrong Item,Resolved,16,5
T00000522,CUST003603,2026-01-03,Refund/Return,Resolved,17,4
T00000523,CUST000350,2026-02-13,Refund/Return,Resolved,16,4
T00000524,CUST001421,2025-10-14,Coupon/Promo Issue,Resolved,48,4
T00000525,CUST000219,2026-02-22,Refund/Return,Open,21,1
T00000526,CUST003027,2026-02-07,Coupon/Promo Issue,Resolved,21,5
T00000527,CUST001855,2026-01-03,Coupon/Promo Issue,Resolved,22,5
T00000528,CUST004845,2024-08-24,Quality Concern,Resolved,7,4
T00000529,CUST008304,2024-08-03,Payment Issue,Resolved,12,5
T00000530,CUST004193,2026-01-12,Refund/Return,Resolved,23,5
T00000531,CUST004066,2026-01-06,Quality Concern,Resolved,5,5
T00000532,CUST001878,2025-10-23,Delivery Delay,Resolved,37,5
T00000533,CUST009803,2026-02-22,Quality Concern,Resolved,22,5
T00000534,CUST009481,2024-08-10,Delivery Delay,Resolved,4,5
T00000535,CUST004048,2025-04-16,Quality Concern,Resolved,3,5
T00000536,CUST004290,2026-01-21,Refund/Return,Resolved,10,5
T00000537,CUST001422,2025-11-07,Delivery Delay,Resolved,32,4
T00000538,CUST004652,2026-02-16,Delivery Delay,Open,8,3
T00000539,CUST007858,2026-02-22,Delivery Delay,Resolved,2,5
T00000540,CUST003057,2026-02-22,Refund/Return,Resolved,3,4
T00000541,CUST007084,2025-07-26,Delivery Delay,Resolved,14,4
T00000542,CUST006732,2024-11-12,Quality Concern,Resolved,64,4
T00000543,CUST008564,2026-02-22,Payment Issue,Resolved,15,5
T00000544,CUST009165,2026-02-08,Delivery Delay,Open,11,3
T00000545,CUST006212,2026-01-12,Coupon/Promo Issue,Resolved,5,5
T00000546,CUST006516,2025-12-13,Damaged Item,Resolved,13,4
T00000547,CUST003218,2026-02-10,Payment Issue,Resolved,10,5
T00000548,CUST004296,2026-01-27,Refund/Return,Resolved,8,5
T00000549,CUST008691,2026-02-16,Wrong Item,Resolved,21,5
T00000550,CUST002912,2025-11-24,Refund/Return,Resolved,9,5
T00000551,CUST000778,2026-01-16,Quality Concern,Resolved,4,4
T00000552,CUST009183,2026-02-22,Refund/Return,Resolved,8,5
T00000553,CUST003790,2024-04-06,Damaged Item,Resolved,10,4
T00000554,CUST005474,2026-02-22,Damaged Item,Resolved,8,5
T00000555,CUST006881,2026-02-14,Damaged Item,Resolved,16,4
T00000556,CUST000733,2026-02-20,Delivery Delay,Resolved,11,5
T00000557,CUST002028,2026-01-15,Delivery Delay,Resolved,37,4
T00000558,CUST003642,2024-08-01,Delivery Delay,Resolved,17,5
T00000559,CUST006803,2026-01-23,Delivery Delay,Resolved,40,5
T00000560,CUST004881,2026-01-26,Quality Concern,Resolved,7,5
T00000561,CUST009630,2026-02-01,Damaged Item,Resolved,13,5
T00000562,CUST008753,2025-08-06,Refund/Return,Resolved,9,5
T00000563,CUST008950,2026-02-22,Delivery Delay,Resolved,12,5
T00000564,CUST000442,2026-02-15,Delivery Delay,Resolved,20,5
T00000565,CUST006433,2026-02-09,Coupon/Promo Issue,Resolved,4,5
T00000566,CUST008843,2026-02-04,Damaged Item,Resolved,11,4
T00000567,CUST001640,2026-02-22,Wrong Item,Resolved,21,4
T00000568,CUST003495,2026-02-01,Coupon/Promo Issue,Open,13,1
T00000569,CUST006685,2026-01-22,Coupon/Promo Issue,Resolved,8,5
T00000570,CUST000531,2026-01-07,Refund/Return,Escalated,40,4
T00000571,CUST004802,2026-02-10,Coupon/Promo Issue,Resolved,63,4
T00000572,CUST008114,2026-02-22,Delivery Delay,Resolved,28,4
T00000573,CUST006072,2026-02-10,Coupon/Promo Issue,Resolved,12,5
T00000574,CUST009601,2026-01-31,Refund/Return,Resolved,51,5
T00000575,CUST006294,2026-02-20,Damaged Item,Resolved,4,3
T00000576,CUST002922,2026-02-17,Coupon/Promo Issue,Resolved,9,5
T00000577,CUST006176,2026-02-22,Wrong Item,Resolved,11,5
T00000578,CUST005644,2025-11-14,Delivery Delay,Resolved,15,5
T00000579,CUST001696,2026-01-15,Delivery Delay,Resolved,8,4
T00000580,CUST009925,2025-10-13,Delivery Delay,Resolved,11,3
T00000581,CUST003968,2025-12-25,Coupon/Promo Issue,Resolved,13,5
T00000582,CUST003020,2026-02-01,Delivery Delay,Resolved,12,5
T00000583,CUST005577,2026-02-22,Refund/Return,Resolved,52,5
T00000584,CUST002497,2026-02-06,Payment Issue,Resolved,11,5
T00000585,CUST006641,2026-02-14,Quality Concern,Open,8,1
T00000586,CUST006611,2026-02-03,Quality Concern,Resolved,29,4
T00000587,CUST002062,2025-12-28,Refund/Return,Resolved,12,4
T00000588,CUST007359,2024-03-14,Delivery Delay,Resolved,14,4
T00000589,CUST001572,2024-06-06,Coupon/Promo Issue,Resolved,37,5
T00000590,CUST005872,2025-11-04,Quality Concern,Escalated,16,5
T00000591,CUST007443,2026-02-22,Delivery Delay,Resolved,22,4
T00000592,CUST001998,2025-12-25,Delivery Delay,Resolved,20,5
T00000593,CUST005334,2025-04-09,Damaged Item,Resolved,58,4
T00000594,CUST007503,2026-02-09,Damaged Item,Resolved,22,5
T00000595,CUST003032,2026-01-21,Delivery Delay,Resolved,12,5
T00000596,CUST007628,2025-11-07,Wrong Item,Open,8,1
T00000597,CUST004459,2026-01-31,Refund/Return,Resolved,15,5
T00000598,CUST009009,2026-02-18,Refund/Return,Resolved,8,5
T00000599,CUST003316,2024-01-19,Wrong Item,Resolved,14,5
T00000600,CUST006031,2025-08-13,Delivery Delay,Resolved,16,5
T00000601,CUST004091,2025-11-18,Delivery Delay,Resolved,1,5
T00000602,CUST002301,2026-02-22,Payment Issue,Open,5,1
T00000603,CUST000506,2026-02-22,Payment Issue,Resolved,4,5
T00000604,CUST008085,2025-03-06,Wrong Item,Resolved,11,5
T00000605,CUST005048,2025-04-21,Coupon/Promo Issue,Escalated,31,4
T00000606,CUST002103,2025-05-01,Coupon/Promo Issue,Resolved,14,5
T00000607,CUST006867,2026-02-15,Refund/Return,Resolved,13,5
T00000608,CUST002234,2025-11-26,Refund/Return,Resolved,6,5
T00000609,CUST007552,2026-01-24,Delivery Delay,Resolved,38,4
T00000610,CUST002277,2026-02-02,Wrong Item,Resolved,16,4
T00000611,CUST002013,2026-02-15,Refund/Return,Open,72,3
T00000612,CUST008065,2024-12-17,Damaged Item,Resolved,21,5
T00000613,CUST004756,2025-09-30,Payment Issue,Resolved,35,5
T00000614,CUST006760,2026-02-15,Quality Concern,Resolved,6,5
T00000615,CUST002170,2026-01-26,Refund/Return,Resolved,19,5
T00000616,CUST009388,2025-12-10,Refund/Return,Open,24,2
T00000617,CUST009579,2024-12-05,Refund/Return,Resolved,14,5
T00000618,CUST008618,2026-02-07,Damaged Item,Open,39,1
T00000619,CUST006156,2024-09-19,Payment Issue,Resolved,9,4
T00000620,CUST009761,2026-02-18,Wrong Item,Resolved,14,5
T00000621,CUST000729,2026-02-22,Coupon/Promo Issue,Resolved,11,5
T00000622,CUST008076,2025-11-01,Damaged Item,Resolved,6,5
T00000623,CUST002736,2026-02-15,Delivery Delay,Resolved,24,4
T00000624,CUST009245,2024-10-01,Coupon/Promo Issue,Resolved,15,4
T00000625,CUST000520,2023-12-30,Wrong Item,Resolved,7,4
T00000626,CUST002633,2026-02-22,Quality Concern,Resolved,10,5
T00000627,CUST005376,2026-02-01,Refund/Return,Resolved,10,4
T00000628,CUST007471,2025-07-23,Refund/Return,Resolved,12,5
T00000629,CUST003866,2026-02-19,Delivery Delay,Resolved,13,5
T00000630,CUST009332,2026-02-22,Payment Issue,Resolved,10,4
T00000631,CUST003885,2026-01-06,Coupon/Promo Issue,Resolved,8,5
T00000632,CUST007888,2026-02-15,Wrong Item,Resolved,24,4
T00000633,CUST004825,2024-12-07,Wrong Item,Resolved,8,4
T00000634,CUST006687,2025-12-26,Coupon/Promo Issue,Open,13,1
T00000635,CUST008036,2026-02-22,Wrong Item,Resolved,11,5
T00000636,CUST008313,2026-02-02,Refund/Return,Resolved,7,5
T00000637,CUST007327,2026-02-22,Damaged Item,Resolved,25,5
T00000638,CUST008706,2026-02-22,Payment Issue,Resolved,10,5
T00000639,CUST007828,2025-02-28,Damaged Item,Resolved,35,4
T00000640,CUST007330,2025-12-16,Coupon/Promo Issue,Resolved,15,5
T00000641,CUST002045,2026-02-17,Payment Issue,Open,9,1
T00000642,CUST003317,2026-01-26,Coupon/Promo Issue,Resolved,5,5
T00000643,CUST008734,2026-02-22,Damaged Item,Resolved,4,5
T00000644,CUST006101,2026-02-22,Wrong Item,Resolved,14,5
T00000645,CUST002071,2026-02-22,Payment Issue,Resolved,10,5
T00000646,CUST001617,2026-01-19,Wrong Item,Resolved,9,5
T00000647,CUST007371,2025-12-21,Delivery Delay,Resolved,25,3
T00000648,CUST001874,2026-01-18,Delivery Delay,Resolved,12,5
T00000649,CUST001682,2023-08-15,Refund/Return,Resolved,21,5
T00000650,CUST009108,2026-02-08,Payment Issue,Resolved,28,5
T00000651,CUST008210,2026-01-16,Refund/Return,Resolved,7,5
T00000652,CUST001669,2025-04-24,Payment Issue,Resolved,9,5
T00000653,CUST006862,2026-02-18,Quality Concern,Resolved,42,5
T00000654,CUST001297,2024-06-25,Damaged Item,Resolved,12,5
T00000655,CUST002600,2026-02-22,Wrong Item,Resolved,11,5
T00000656,CUST003570,2026-02-22,Coupon/Promo Issue,Resolved,13,4
T00000657,CUST008915,2026-02-04,Coupon/Promo Issue,Open,11,2
T00000658,CUST000554,2026-01-14,Payment Issue,Resolved,21,4
T00000659,CUST004396,2026-02-18,Delivery Delay,Resolved,28,5
T00000660,CUST007992,2026-01-21,Payment Issue,Resolved,6,4
T00000661,CUST005405,2025-09-22,Quality Concern,Open,7,2
T00000662,CUST008408,2026-02-22,Quality Concern,Resolved,23,5
T00000663,CUST001791,2026-02-06,Delivery Delay,Escalated,18,5
T00000664,CUST006795,2025-09-24,Coupon/Promo Issue,Resolved,12,5
T00000665,CUST006916,2026-01-19,Coupon/Promo Issue,Resolved,17,4
T00000666,CUST007607,2025-12-11,Wrong Item,Resolved,28,3
T00000667,CUST007640,2025-08-18,Wrong Item,Resolved,21,5
T00000668,CUST002104,2025-12-30,Refund/Return,Resolved,8,5
T00000669,CUST008123,2024-06-27,Payment Issue,Resolved,13,5
T00000670,CUST004082,2026-02-13,Coupon/Promo Issue,Resolved,7,5
T00000671,CUST003715,2026-02-22,Quality Concern,Resolved,6,5
T00000672,CUST005426,2026-01-21,Delivery Delay,Resolved,91,3
T00000673,CUST005223,2026-01-25,Wrong Item,Escalated,27,4
T00000674,CUST005820,2025-12-18,Payment Issue,Resolved,38,5
T00000675,CUST007925,2025-01-02,Damaged Item,Resolved,10,4
T00000676,CUST003071,2025-11-04,Delivery Delay,Open,7,3
T00000677,CUST004734,2026-02-02,Refund/Return,Resolved,7,5
T00000678,CUST006976,2026-02-14,Quality Concern,Resolved,89,5
T00000679,CUST009898,2026-01-28,Refund/Return,Resolved,9,4
T00000680,CUST006834,2026-01-21,Payment Issue,Resolved,60,5
T00000681,CUST000625,2026-02-19,Quality Concern,Resolved,5,5
T00000682,CUST004041,2026-02-22,Delivery Delay,Resolved,15,5
T00000683,CUST004538,2025-10-14,Delivery Delay,Resolved,9,5
T00000684,CUST009710,2025-08-10,Payment Issue,Resolved,2,5
T00000685,CUST006822,2025-07-20,Refund/Return,Resolved,4,5
T00000686,CUST007772,2026-02-22,Delivery Delay,Resolved,13,5
T00000687,CUST000430,2026-01-02,Quality Concern,Resolved,6,5
T00000688,CUST007363,2026-02-15,Quality Concern,Open,5,2
T00000689,CUST000848,2026-02-01,Payment Issue,Resolved,21,5
T00000690,CUST006809,2024-07-11,Coupon/Promo Issue,Resolved,20,5
T00000691,CUST007882,2025-10-29,Refund/Return,Resolved,10,4
T00000692,CUST008350,2024-07-19,Refund/Return,Resolved,9,4
T00000693,CUST000843,2026-01-31,Delivery Delay,Open,27,1
T00000694,CUST006291,2025-04-13,Coupon/Promo Issue,Resolved,37,4
T00000695,CUST003579,2026-02-22,Delivery Delay,Resolved,41,5
T00000696,CUST009707,2026-01-31,Payment Issue,Resolved,24,5
T00000697,CUST000957,2025-12-22,Delivery Delay,Resolved,5,5
T00000698,CUST009226,2026-02-20,Wrong Item,Resolved,5,5
T00000699,CUST002546,2025-08-02,Delivery Delay,Resolved,31,5
T00000700,CUST007844,2025-06-12,Quality Concern,Resolved,30,5
T00000701,CUST006072,2026-02-20,Quality Concern,Resolved,13,4
T00000702,CUST001717,2025-01-05,Refund/Return,Resolved,35,4
T00000703,CUST002335,2025-12-26,Payment Issue,Resolved,12,4
T00000704,CUST008191,2026-02-17,Damaged Item,Resolved,36,5
T00000705,CUST006721,2026-01-18,Payment Issue,Resolved,9,5
T00000706,CUST008839,2024-07-20,Payment Issue,Resolved,12,4
T00000707,CUST008140,2023-12-06,Refund/Return,Resolved,10,5
T00000708,CUST003359,2026-01-25,Damaged Item,Resolved,15,4
T00000709,CUST007933,2025-08-10,Refund/Return,Resolved,16,5
T00000710,CUST001311,2026-02-22,Delivery Delay,Escalated,27,4
T00000711,CUST000690,2026-01-03,Damaged Item,Escalated,15,5
T00000712,CUST003182,2025-11-25,Delivery Delay,Resolved,12,4
T00000713,CUST001687,2026-02-21,Damaged Item,Resolved,5,4
T00000714,CUST006447,2025-12-13,Wrong Item,Open,13,1
T00000715,CUST002403,2025-10-30,Refund/Return,Resolved,22,5
T00000716,CUST009163,2026-02-05,Coupon/Promo Issue,Resolved,20,4
T00000717,CUST001895,2026-01-14,Refund/Return,Resolved,8,5
T00000718,CUST006909,2026-02-05,Delivery Delay,Resolved,26,4
T00000719,CUST003326,2025-10-23,Quality Concern,Resolved,6,4
T00000720,CUST000456,2025-12-24,Payment Issue,Resolved,8,5
T00000721,CUST002216,2026-02-06,Delivery Delay,Resolved,19,5
T00000722,CUST008643,2026-01-22,Refund/Return,Resolved,19,5
T00000723,CUST005972,2025-11-26,Damaged Item,Resolved,33,4
T00000724,CUST001344,2026-02-22,Delivery Delay,Resolved,13,4
T00000725,CUST001861,2025-03-04,Coupon/Promo Issue,Resolved,29,5
T00000726,CUST008793,2025-12-10,Damaged Item,Resolved,11,5
T00000727,CUST008339,2026-02-03,Refund/Return,Resolved,6,5
T00000728,CUST000310,2026-01-07,Payment Issue,Resolved,6,5
T00000729,CUST007255,2026-02-15,Damaged Item,Resolved,8,4
T00000730,CUST006739,2026-02-22,Payment Issue,Open,6,3
T00000731,CUST007776,2026-02-21,Wrong Item,Resolved,8,5
T00000732,CUST002082,2026-02-22,Quality Concern,Resolved,18,5
T00000733,CUST004881,2026-01-28,Delivery Delay,Resolved,12,5
T00000734,CUST000265,2024-05-28,Quality Concern,Resolved,11,4
T00000735,CUST005947,2026-01-13,Coupon/Promo Issue,Resolved,38,5
T00000736,CUST006775,2025-12-27,Payment Issue,Resolved,7,5
T00000737,CUST000026,2026-02-22,Coupon/Promo Issue,Resolved,6,5
T00000738,CUST005899,2026-02-14,Wrong Item,Resolved,8,5
T00000739,CUST005899,2026-02-22,Quality Concern,Resolved,16,5
T00000740,CUST006767,2026-02-22,Refund/Return,Open,14,1
T00000741,CUST001248,2026-02-17,Delivery Delay,Resolved,13,5
T00000742,CUST008844,2024-01-17,Coupon/Promo Issue,Resolved,26,4
T00000743,CUST007095,2026-02-16,Quality Concern,Resolved,11,4
T00000744,CUST007447,2026-02-02,Quality Concern,Resolved,23,4
T00000745,CUST001736,2026-02-22,Quality Concern,Resolved,7,5
T00000746,CUST009574,2025-08-22,Delivery Delay,Resolved,16,5
T00000747,CUST000375,2024-11-27,Payment Issue,Resolved,13,5
T00000748,CUST001700,2026-02-04,Coupon/Promo Issue,Open,26,3
T00000749,CUST006715,2026-02-22,Refund/Return,Resolved,33,5
T00000750,CUST001097,2025-08-17,Delivery Delay,Resolved,22,4
T00000751,CUST006821,2026-02-22,Damaged Item,Resolved,16,4
T00000752,CUST005943,2026-02-15,Delivery Delay,Resolved,9,5
T00000753,CUST000262,2026-02-22,Wrong Item,Resolved,12,5
T00000754,CUST008016,2026-02-22,Payment Issue,Resolved,23,4
T00000755,CUST008325,2026-01-29,Payment Issue,Resolved,14,4
T00000756,CUST001053,2026-02-22,Damaged Item,Resolved,27,5
T00000757,CUST000054,2024-10-22,Delivery Delay,Resolved,7,4
T00000758,CUST004949,2026-02-19,Quality Concern,Resolved,13,5
T00000759,CUST003253,2026-01-28,Quality Concern,Resolved,16,5
T00000760,CUST001461,2026-02-22,Damaged Item,Open,9,1
T00000761,CUST000967,2024-12-09,Delivery Delay,Resolved,15,3
T00000762,CUST008534,2026-02-22,Delivery Delay,Resolved,8,4
T00000763,CUST005460,2025-09-26,Quality Concern,Resolved,11,3
T00000764,CUST001052,2026-02-22,Coupon/Promo Issue,Escalated,12,5
T00000765,CUST001293,2026-01-22,Damaged Item,Resolved,28,4
T00000766,CUST007119,2026-02-22,Payment Issue,Resolved,6,5
T00000767,CUST004254,2023-09-17,Refund/Return,Resolved,27,4
T00000768,CUST008490,2026-02-22,Quality Concern,Resolved,28,5
T00000769,CUST008352,2026-02-17,Delivery Delay,Resolved,7,5
T00000770,CUST001364,2026-02-06,Delivery Delay,Resolved,7,5
T00000771,CUST009609,2024-04-09,Refund/Return,Resolved,25,5
T00000772,CUST004776,2026-02-09,Delivery Delay,Resolved,20,5
T00000773,CUST008623,2026-02-01,Coupon/Promo Issue,Resolved,8,5
T00000774,CUST005230,2025-12-16,Delivery Delay,Resolved,19,5
T00000775,CUST002571,2026-01-07,Payment Issue,Resolved,1,5
T00000776,CUST009569,2024-02-17,Delivery Delay,Resolved,15,5
T00000777,CUST009433,2026-02-22,Damaged Item,Resolved,13,5
T00000778,CUST003778,2026-02-15,Coupon/Promo Issue,Resolved,15,5
T00000779,CUST000564,2026-02-09,Coupon/Promo Issue,Resolved,10,5
T00000780,CUST009375,2024-07-02,Quality Concern,Resolved,41,4
T00000781,CUST003781,2026-02-10,Wrong Item,Resolved,15,5
T00000782,CUST000419,2024-09-06,Coupon/Promo Issue,Resolved,18,5
T00000783,CUST000420,2026-02-09,Delivery Delay,Resolved,14,4
T00000784,CUST009578,2026-02-07,Refund/Return,Resolved,9,4
T00000785,CUST009856,2026-02-22,Coupon/Promo Issue,Resolved,15,5
T00000786,CUST006448,2024-09-26,Quality Concern,Resolved,27,5
T00000787,CUST008496,2023-07-27,Refund/Return,Resolved,55,4
T00000788,CUST006846,2026-01-29,Payment Issue,Resolved,11,5
T00000789,CUST007925,2025-01-02,Refund/Return,Resolved,7,5
T00000790,CUST000762,2026-02-22,Damaged Item,Resolved,9,5
T00000791,CUST004873,2026-02-22,Payment Issue,Resolved,9,5
T00000792,CUST006201,2026-01-21,Delivery Delay,Resolved,17,5
T00000793,CUST002567,2026-01-16,Delivery Delay,Resolved,23,4
T00000794,CUST005975,2026-02-07,Wrong Item,Resolved,17,5
T00000795,CUST008231,2026-02-22,Refund/Return,Resolved,12,5
T00000796,CUST005681,2025-11-28,Delivery Delay,Resolved,12,5
T00000797,CUST005335,2026-02-15,Refund/Return,Resolved,11,5
T00000798,CUST002377,2026-02-22,Coupon/Promo Issue,Open,29,1
T00000799,CUST001582,2025-07-27,Wrong Item,Open,11,1
T00000800,CUST001924,2026-01-27,Delivery Delay,Resolved,7,5
T00000801,CUST004633,2024-07-02,Payment Issue,Resolved,24,5
T00000802,CUST005108,2026-02-22,Delivery Delay,Resolved,16,5
T00000803,CUST005495,2025-10-16,Delivery Delay,Resolved,7,5
T00000804,CUST009977,2026-02-22,Delivery Delay,Resolved,21,5
T00000805,CUST003277,2026-02-22,Coupon/Promo Issue,Resolved,10,5
T00000806,CUST004348,2025-12-27,Refund/Return,Resolved,5,5
T00000807,CUST008055,2026-01-29,Coupon/Promo Issue,Resolved,43,5
T00000808,CUST009804,2026-01-28,Coupon/Promo Issue,Resolved,15,5
T00000809,CUST008884,2024-06-23,Delivery Delay,Open,42,2
T00000810,CUST005156,2026-02-20,Payment Issue,Escalated,13,5
T00000811,CUST006249,2024-06-09,Delivery Delay,Resolved,23,5
T00000812,CUST002404,2026-02-16,Quality Concern,Resolved,22,5
T00000813,CUST007005,2024-05-18,Refund/Return,Resolved,8,5
T00000814,CUST001465,2026-02-22,Coupon/Promo Issue,Resolved,18,5
T00000815,CUST009359,2026-02-07,Refund/Return,Resolved,29,4
T00000816,CUST004255,2026-02-22,Delivery Delay,Open,32,1
T00000817,CUST002461,2026-01-30,Coupon/Promo Issue,Resolved,18,4
T00000818,CUST009246,2025-12-14,Delivery Delay,Resolved,22,5
T00000819,CUST009402,2024-09-05,Coupon/Promo Issue,Resolved,26,5
T00000820,CUST002247,2024-03-24,Payment Issue,Escalated,23,5
T00000821,CUST009458,2026-02-22,Payment Issue,Open,7,2
T00000822,CUST007010,2024-11-09,Delivery Delay,Resolved,15,5
T00000823,CUST009250,2026-02-22,Delivery Delay,Resolved,9,5
T00000824,CUST009791,2026-02-22,Payment Issue,Escalated,27,4
T00000825,CUST008258,2026-01-08,Payment Issue,Resolved,17,5
T00000826,CUST001464,2025-05-14,Payment Issue,Resolved,7,5
T00000827,CUST004375,2026-01-31,Delivery Delay,Resolved,11,5
T00000828,CUST003201,2026-02-15,Quality Concern,Resolved,24,5
T00000829,CUST000221,2023-06-20,Refund/Return,Resolved,20,5
T00000830,CUST003534,2026-01-22,Wrong Item,Resolved,11,5
T00000831,CUST006512,2025-07-25,Quality Concern,Open,58,2
T00000832,CUST006559,2025-12-24,Wrong Item,Resolved,38,4
T00000833,CUST008535,2026-02-06,Payment Issue,Open,17,2
T00000834,CUST001867,2025-07-03,Delivery Delay,Resolved,19,5
T00000835,CUST008262,2026-02-22,Delivery Delay,Resolved,28,3
T00000836,CUST009561,2025-12-13,Quality Concern,Resolved,4,5
T00000837,CUST000753,2026-02-22,Payment Issue,Resolved,3,4
T00000838,CUST002069,2025-10-26,Coupon/Promo Issue,Resolved,5,5
T00000839,CUST007938,2026-02-18,Delivery Delay,Resolved,27,5
T00000840,CUST000695,2026-01-18,Refund/Return,Resolved,29,5
T00000841,CUST001136,2026-02-03,Delivery Delay,Resolved,20,5
T00000842,CUST000959,2024-08-02,Delivery Delay,Resolved,23,4
T00000843,CUST003234,2024-04-15,Refund/Return,Resolved,12,5
T00000844,CUST004003,2026-02-20,Payment Issue,Resolved,13,5
T00000845,CUST002665,2026-02-22,Coupon/Promo Issue,Resolved,14,5
T00000846,CUST000604,2026-02-17,Delivery Delay,Resolved,2,5
T00000847,CUST000493,2026-02-22,Quality Concern,Resolved,42,5
T00000848,CUST006346,2025-04-14,Delivery Delay,Resolved,17,5
T00000849,CUST000161,2026-02-22,Delivery Delay,Resolved,36,5
T00000850,CUST008290,2026-02-07,Coupon/Promo Issue,Resolved,16,5
T00000851,CUST000636,2026-02-16,Payment Issue,Resolved,5,4
T00000852,CUST001951,2025-11-24,Coupon/Promo Issue,Resolved,7,5
T00000853,CUST001271,2025-11-07,Payment Issue,Resolved,34,5
T00000854,CUST000968,2026-01-19,Payment Issue,Resolved,29,5
T00000855,CUST005785,2026-02-12,Refund/Return,Resolved,14,5
T00000856,CUST006685,2026-02-16,Quality Concern,Resolved,14,4
T00000857,CUST008105,2026-02-06,Quality Concern,Escalated,7,5
T00000858,CUST000741,2026-02-09,Coupon/Promo Issue,Resolved,9,5
T00000859,CUST008422,2026-01-03,Delivery Delay,Resolved,4,5
T00000860,CUST007313,2026-02-17,Refund/Return,Resolved,12,5
T00000861,CUST002494,2025-12-05,Damaged Item,Resolved,18,3
T00000862,CUST005787,2026-02-22,Payment Issue,Resolved,17,5
T00000863,CUST004284,2026-02-22,Delivery Delay,Resolved,7,5
T00000864,CUST002700,2024-09-17,Wrong Item,Resolved,3,5
T00000865,CUST007011,2025-07-11,Wrong Item,Escalated,9,4
T00000866,CUST008412,2026-02-15,Delivery Delay,Resolved,5,4
T00000867,CUST002523,2026-01-29,Payment Issue,Resolved,54,4
T00000868,CUST003739,2026-02-22,Wrong Item,Resolved,14,5
T00000869,CUST003957,2026-02-17,Wrong Item,Resolved,50,4
T00000870,CUST002556,2026-02-22,Payment Issue,Resolved,16,5
T00000871,CUST002315,2025-12-30,Delivery Delay,Resolved,11,5
T00000872,CUST002232,2026-02-13,Wrong Item,Resolved,75,5
T00000873,CUST007404,2026-02-22,Wrong Item,Resolved,20,5
T00000874,CUST004442,2026-02-22,Refund/Return,Resolved,4,5
T00000875,CUST004581,2026-02-07,Delivery Delay,Resolved,21,5
T00000876,CUST003843,2025-07-18,Refund/Return,Escalated,9,4
T00000877,CUST005916,2026-01-24,Payment Issue,Resolved,26,4
T00000878,CUST003483,2024-09-22,Coupon/Promo Issue,Resolved,11,4
T00000879,CUST005589,2026-02-13,Payment Issue,Open,8,1
T00000880,CUST005959,2026-02-18,Refund/Return,Resolved,32,5
T00000881,CUST009678,2024-02-22,Payment Issue,Resolved,23,4
T00000882,CUST003573,2025-12-25,Payment Issue,Resolved,18,5
T00000883,CUST008030,2023-09-27,Coupon/Promo Issue,Resolved,17,4
T00000884,CUST009122,2026-01-31,Damaged Item,Resolved,34,4
T00000885,CUST001180,2026-02-22,Delivery Delay,Open,17,2
T00000886,CUST003600,2026-02-17,Damaged Item,Resolved,14,5
T00000887,CUST008142,2026-02-22,Delivery Delay,Resolved,7,5
T00000888,CUST008785,2026-02-10,Delivery Delay,Resolved,16,5
T00000889,CUST003567,2026-01-29,Refund/Return,Open,27,3
T00000890,CUST006576,2025-09-03,Refund/Return,Resolved,7,5
T00000891,CUST006894,2025-12-15,Refund/Return,Resolved,20,5
T00000892,CUST000838,2026-02-22,Refund/Return,Resolved,37,4
T00000893,CUST009126,2024-07-11,Damaged Item,Resolved,9,5
T00000894,CUST000711,2026-02-08,Wrong Item,Resolved,7,4
T00000895,CUST005013,2026-01-17,Damaged Item,Resolved,30,5
T00000896,CUST002159,2025-10-31,Refund/Return,Resolved,4,5
T00000897,CUST009459,2026-01-04,Delivery Delay,Resolved,17,5
T00000898,CUST004473,2026-01-25,Quality Concern,Resolved,16,5
T00000899,CUST000261,2025-12-05,Quality Concern,Resolved,7,5
T00000900,CUST009996,2025-12-04,Payment Issue,Resolved,19,4
T00000901,CUST007732,2026-02-09,Quality Concern,Resolved,34,4
T00000902,CUST003779,2026-02-16,Quality Concern,Resolved,14,5
T00000903,CUST000833,2025-12-18,Refund/Return,Resolved,4,5
T00000904,CUST002752,2026-01-23,Refund/Return,Resolved,8,5
T00000905,CUST001090,2026-01-03,Delivery Delay,Resolved,20,4
T00000906,CUST000063,2025-10-21,Refund/Return,Resolved,22,5
T00000907,CUST005561,2024-01-04,Payment Issue,Resolved,16,4
T00000908,CUST009881,2025-05-30,Quality Concern,Resolved,10,4
T00000909,CUST005570,2026-02-22,Quality Concern,Resolved,25,4
T00000910,CUST001796,2026-01-31,Delivery Delay,Resolved,11,5
T00000911,CUST005295,2024-04-06,Delivery Delay,Resolved,6,5
T00000912,CUST001557,2026-02-03,Payment Issue,Resolved,31,5
T00000913,CUST005286,2024-06-05,Wrong Item,Escalated,37,5
T00000914,CUST009456,2026-01-09,Refund/Return,Resolved,46,4
T00000915,CUST000615,2026-01-19,Payment Issue,Resolved,14,4
T00000916,CUST001212,2023-07-29,Delivery Delay,Resolved,6,4
T00000917,CUST009433,2026-02-22,Payment Issue,Resolved,20,5
T00000918,CUST001721,2026-01-30,Refund/Return,Resolved,8,4
T00000919,CUST000253,2026-02-14,Damaged Item,Resolved,9,4
T00000920,CUST007438,2024-07-30,Delivery Delay,Resolved,13,3
T00000921,CUST008065,2024-11-29,Payment Issue,Resolved,7,5
T00000922,CUST002838,2026-02-11,Delivery Delay,Resolved,81,4
T00000923,CUST008772,2026-01-02,Delivery Delay,Resolved,6,5
T00000924,CUST001522,2025-12-30,Delivery Delay,Resolved,28,5
T00000925,CUST004692,2026-02-22,Delivery Delay,Resolved,15,4
T00000926,CUST008523,2026-01-31,Coupon/Promo Issue,Resolved,17,5
T00000927,CUST005415,2026-01-23,Delivery Delay,Resolved,16,4
T00000928,CUST001562,2026-02-11,Refund/Return,Resolved,98,5
T00000929,CUST006055,2026-01-30,Wrong Item,Resolved,45,5
T00000930,CUST007207,2026-01-08,Refund/Return,Resolved,26,5
T00000931,CUST006525,2024-02-04,Delivery Delay,Resolved,4,5
T00000932,CUST003724,2026-02-22,Delivery Delay,Escalated,9,4
T00000933,CUST002318,2025-06-25,Coupon/Promo Issue,Resolved,16,3
T00000934,CUST001393,2025-05-18,Quality Concern,Resolved,5,5
T00000935,CUST002049,2026-02-22,Coupon/Promo Issue,Resolved,6,5
T00000936,CUST001790,2026-01-24,Coupon/Promo Issue,Resolved,13,4
T00000937,CUST006159,2026-01-24,Damaged Item,Open,16,2
T00000938,CUST006572,2025-05-12,Delivery Delay,Resolved,3,5
T00000939,CUST008623,2026-01-19,Damaged Item,Resolved,13,4
T00000940,CUST008621,2026-01-22,Quality Concern,Resolved,16,5
T00000941,CUST004420,2026-01-18,Refund/Return,Open,47,2
T00000942,CUST009112,2026-01-18,Wrong Item,Resolved,11,5
T00000943,CUST008403,2026-02-04,Damaged Item,Open,21,3
T00000944,CUST005907,2026-02-22,Payment Issue,Resolved,11,5
T00000945,CUST007681,2024-07-12,Coupon/Promo Issue,Resolved,11,5
T00000946,CUST002899,2023-11-13,Coupon/Promo Issue,Resolved,26,5
T00000947,CUST005405,2025-10-01,Coupon/Promo Issue,Resolved,7,5
T00000948,CUST008235,2026-02-22,Quality Concern,Resolved,11,5
T00000949,CUST006851,2026-01-18,Delivery Delay,Resolved,11,5
T00000950,CUST000776,2024-04-17,Coupon/Promo Issue,Resolved,7,5
T00000951,CUST001113,2026-02-06,Delivery Delay,Resolved,12,5
T00000952,CUST002703,2026-02-22,Coupon/Promo Issue,Escalated,8,4
T00000953,CUST001595,2026-02-20,Payment Issue,Resolved,12,5
T00000954,CUST001612,2025-09-21,Delivery Delay,Resolved,4,5
T00000955,CUST007235,2024-08-03,Payment Issue,Resolved,14,5
T00000956,CUST009775,2026-02-15,Quality Concern,Resolved,10,4
T00000957,CUST007033,2026-01-04,Payment Issue,Resolved,24,5
T00000958,CUST002089,2026-02-02,Refund/Return,Resolved,13,5
T00000959,CUST009088,2025-11-12,Damaged Item,Resolved,48,5
T00000960,CUST007056,2026-01-29,Payment Issue,Open,12,2
T00000961,CUST004072,2025-07-13,Coupon/Promo Issue,Resolved,8,5
T00000962,CUST002754,2026-02-02,Payment Issue,Resolved,24,5
T00000963,CUST007945,2026-02-22,Refund/Return,Resolved,8,5
T00000964,CUST005957,2025-04-26,Coupon/Promo Issue,Resolved,4,5
T00000965,CUST002747,2026-01-20,Delivery Delay,Resolved,8,5
T00000966,CUST001758,2026-02-22,Damaged Item,Open,8,3
T00000967,CUST005626,2025-12-02,Damaged Item,Resolved,22,5
T00000968,CUST007353,2025-12-04,Refund/Return,Resolved,14,5
T00000969,CUST004885,2026-02-22,Refund/Return,Resolved,26,5
T00000970,CUST006187,2026-02-01,Coupon/Promo Issue,Resolved,6,5
T00000971,CUST001087,2026-02-13,Coupon/Promo Issue,Resolved,14,5
T00000972,CUST003753,2026-02-22,Delivery Delay,Resolved,5,4
T00000973,CUST000308,2023-10-14,Delivery Delay,Resolved,5,5
T00000974,CUST009383,2026-02-07,Delivery Delay,Resolved,29,5
T00000975,CUST002553,2026-02-22,Coupon/Promo Issue,Resolved,12,4
T00000976,CUST007234,2026-01-22,Delivery Delay,Resolved,4,5
T00000977,CUST005772,2026-02-13,Delivery Delay,Resolved,37,5
T00000978,CUST000696,2026-02-20,Damaged Item,Resolved,16,4
T00000979,CUST001722,2026-02-08,Refund/Return,Resolved,15,4
T00000980,CUST003624,2025-11-02,Refund/Return,Open,17,2
T00000981,CUST007569,2025-10-23,Delivery Delay,Resolved,5,4
T00000982,CUST007360,2026-02-22,Delivery Delay,Resolved,8,5
T00000983,CUST003585,2026-02-22,Payment Issue,Open,4,1
T00000984,CUST006668,2025-10-31,Delivery Delay,Resolved,9,4
T00000985,CUST007166,2026-02-14,Damaged Item,Resolved,44,5
T00000986,CUST005768,2025-11-09,Damaged Item,Resolved,4,5
T00000987,CUST008438,2026-02-19,Delivery Delay,Escalated,8,5
T00000988,CUST009441,2026-02-02,Delivery Delay,Resolved,8,4
T00000989,CUST001470,2026-02-12,Payment Issue,Resolved,7,4
T00000990,CUST000282,2026-01-11,Payment Issue,Resolved,18,4
T00000991,CUST001135,2025-10-29,Quality Concern,Resolved,68,4
T00000992,CUST000524,2026-02-18,Quality Concern,Resolved,31,4
T00000993,CUST003546,2026-01-25,Coupon/Promo Issue,Resolved,8,5
T00000994,CUST005792,2025-10-23,Quality Concern,Open,6,2
T00000995,CUST001561,2026-01-02,Coupon/Promo Issue,Open,5,1
T00000996,CUST003247,2026-02-22,Refund/Return,Resolved,10,4
T00000997,CUST002182,2026-02-10,Delivery Delay,Resolved,14,5
T00000998,CUST005020,2025-12-27,Wrong Item,Resolved,13,5
T00000999,CUST006096,2026-01-14,Quality Concern,Resolved,15,5
T00001000,CUST004557,2026-01-30,Damaged Item,Resolved,13,4
T00001001,CUST003285,2025-07-25,Payment Issue,Resolved,42,4
T00001002,CUST004682,2026-02-07,Refund/Return,Resolved,4,5
T00001003,CUST006399,2026-02-22,Coupon/Promo Issue,Resolved,22,5
T00001004,CUST008318,2026-01-09,Wrong Item,Open,56,2
T00001005,CUST001572,2024-05-18,Delivery Delay,Resolved,60,4
T00001006,CUST003335,2026-02-16,Damaged Item,Escalated,5,5
T00001007,CUST006341,2026-02-05,Damaged Item,Resolved,9,5
T00001008,CUST005571,2026-02-12,Damaged Item,Resolved,18,5
T00001009,CUST002177,2026-01-04,Damaged Item,Resolved,10,5
T00001010,CUST008545,2026-02-22,Damaged Item,Resolved,6,5
T00001011,CUST002216,2026-02-17,Refund/Return,Open,54,1
T00001012,CUST009594,2026-01-17,Coupon/Promo Issue,Resolved,5,5
T00001013,CUST000736,2026-02-01,Delivery Delay,Resolved,11,4
T00001014,CUST005676,2026-01-25,Coupon/Promo Issue,Resolved,49,5
T00001015,CUST005335,2026-02-02,Wrong Item,Resolved,3,5
T00001016,CUST001019,2026-02-04,Coupon/Promo Issue,Resolved,19,5
T00001017,CUST003022,2026-02-22,Coupon/Promo Issue,Open,4,1
T00001018,CUST005719,2025-12-27,Payment Issue,Resolved,28,4
T00001019,CUST001300,2024-04-04,Delivery Delay,Resolved,11,4
T00001020,CUST006819,2025-10-18,Damaged Item,Resolved,24,5
T00001021,CUST005123,2026-01-28,Wrong Item,Resolved,33,5
T00001022,CUST000298,2025-06-05,Payment Issue,Resolved,34,5
T00001023,CUST007895,2025-11-22,Damaged Item,Resolved,27,5
T00001024,CUST007966,2024-06-21,Refund/Return,Resolved,14,5
T00001025,CUST006105,2026-02-22,Coupon/Promo Issue,Resolved,6,4
T00001026,CUST003748,2024-07-18,Coupon/Promo Issue,Resolved,27,5
T00001027,CUST001000,2025-02-15,Delivery Delay,Resolved,6,5
T00001028,CUST002836,2026-02-22,Damaged Item,Resolved,11,5
T00001029,CUST003199,2026-02-16,Refund/Return,Resolved,17,5
T00001030,CUST006660,2024-06-05,Coupon/Promo Issue,Resolved,35,4
T00001031,CUST005891,2026-02-16,Damaged Item,Resolved,4,5
T00001032,CUST001010,2026-02-16,Delivery Delay,Resolved,10,5
T00001033,CUST007604,2024-01-16,Delivery Delay,Resolved,9,5
T00001034,CUST005727,2026-01-28,Delivery Delay,Resolved,3,5
T00001035,CUST004688,2025-10-28,Delivery Delay,Resolved,14,4
T00001036,CUST003570,2026-01-28,Refund/Return,Resolved,6,5
T00001037,CUST005918,2025-10-06,Coupon/Promo Issue,Resolved,75,3
T00001038,CUST009971,2026-02-12,Damaged Item,Resolved,23,5
T00001039,CUST006082,2024-12-28,Refund/Return,Resolved,23,4
T00001040,CUST006424,2026-02-14,Refund/Return,Resolved,16,5
T00001041,CUST004884,2026-02-22,Refund/Return,Resolved,5,5
T00001042,CUST003708,2026-02-09,Coupon/Promo Issue,Resolved,3,5
T00001043,CUST004039,2026-02-06,Delivery Delay,Resolved,13,5
T00001044,CUST007815,2026-02-22,Coupon/Promo Issue,Resolved,19,4
T00001045,CUST007000,2026-02-20,Quality Concern,Open,25,1
T00001046,CUST008548,2024-04-23,Coupon/Promo Issue,Resolved,22,4
T00001047,CUST005061,2026-02-22,Delivery Delay,Resolved,14,5
T00001048,CUST007644,2025-01-03,Wrong Item,Resolved,17,4
T00001049,CUST009417,2026-02-22,Coupon/Promo Issue,Resolved,41,5
T00001050,CUST005757,2024-06-15,Payment Issue,Resolved,16,5
T00001051,CUST005034,2025-08-18,Delivery Delay,Resolved,18,5
T00001052,CUST004355,2026-01-29,Quality Concern,Open,20,1
T00001053,CUST002738,2026-02-01,Refund/Return,Resolved,10,5
T00001054,CUST007736,2025-09-10,Coupon/Promo Issue,Resolved,17,4
T00001055,CUST004646,2025-06-01,Coupon/Promo Issue,Resolved,40,5
T00001056,CUST001860,2026-01-25,Quality Concern,Resolved,14,4
T00001057,CUST002954,2026-02-09,Quality Concern,Resolved,8,5
T00001058,CUST007634,2026-02-12,Refund/Return,Open,20,1
T00001059,CUST005243,2025-08-15,Delivery Delay,Resolved,14,5
T00001060,CUST000220,2024-12-09,Coupon/Promo Issue,Resolved,10,5
T00001061,CUST008960,2023-07-14,Coupon/Promo Issue,Resolved,4,5
T00001062,CUST002974,2026-02-13,Payment Issue,Resolved,15,5
T00001063,CUST002615,2025-12-23,Refund/Return,Resolved,9,5
T00001064,CUST006952,2025-05-27,Delivery Delay,Resolved,7,5
T00001065,CUST000027,2026-02-17,Delivery Delay,Resolved,28,5
T00001066,CUST003229,2026-02-22,Delivery Delay,Open,10,3
T00001067,CUST004662,2026-02-08,Wrong Item,Resolved,6,5
T00001068,CUST005099,2025-09-22,Wrong Item,Resolved,50,4
T00001069,CUST003536,2024-10-02,Refund/Return,Resolved,44,4
T00001070,CUST004721,2025-12-28,Delivery Delay,Open,15,2
T00001071,CUST008545,2026-02-22,Coupon/Promo Issue,Resolved,15,4
T00001072,CUST009822,2026-01-21,Refund/Return,Resolved,42,5
T00001073,CUST005859,2025-07-10,Delivery Delay,Resolved,37,5
T00001074,CUST000183,2026-02-03,Coupon/Promo Issue,Resolved,19,5
T00001075,CUST001518,2026-01-27,Delivery Delay,Resolved,61,5
T00001076,CUST002131,2026-02-07,Damaged Item,Resolved,17,5
T00001077,CUST008152,2024-06-15,Delivery Delay,Resolved,20,5
T00001078,CUST006937,2025-12-26,Wrong Item,Resolved,6,5
T00001079,CUST000340,2026-02-22,Wrong Item,Resolved,13,5
T00001080,CUST002766,2026-02-14,Coupon/Promo Issue,Resolved,21,4
T00001081,CUST004818,2026-02-02,Delivery Delay,Resolved,9,5
T00001082,CUST009540,2025-12-16,Quality Concern,Resolved,75,4
T00001083,CUST001131,2026-02-03,Damaged Item,Resolved,5,5
T00001084,CUST000792,2026-02-03,Delivery Delay,Resolved,16,4
T00001085,CUST002881,2026-01-19,Refund/Return,Resolved,7,5
T00001086,CUST006328,2026-02-22,Payment Issue,Escalated,18,3
T00001087,CUST007904,2026-01-23,Refund/Return,Resolved,18,5
T00001088,CUST006227,2026-02-22,Damaged Item,Resolved,8,5
T00001089,CUST008321,2025-12-06,Payment Issue,Resolved,12,4
T00001090,CUST009804,2026-02-18,Delivery Delay,Resolved,20,5
T00001091,CUST002901,2026-02-22,Damaged Item,Resolved,25,4
T00001092,CUST001619,2025-12-19,Coupon/Promo Issue,Resolved,12,4
T00001093,CUST006353,2026-02-15,Coupon/Promo Issue,Resolved,10,5
T00001094,CUST008942,2026-02-18,Coupon/Promo Issue,Resolved,17,5
T00001095,CUST004417,2026-02-22,Quality Concern,Resolved,17,5
T00001096,CUST007563,2026-02-22,Wrong Item,Resolved,4,5
T00001097,CUST008310,2024-06-22,Delivery Delay,Resolved,6,5
T00001098,CUST004448,2026-01-25,Refund/Return,Resolved,7,4
T00001099,CUST004004,2026-02-22,Refund/Return,Resolved,6,5
T00001100,CUST006577,2025-10-31,Payment Issue,Resolved,5,5
T00001101,CUST005766,2026-01-11,Wrong Item,Resolved,14,5
T00001102,CUST006557,2026-02-22,Quality Concern,Resolved,25,5
T00001103,CUST008898,2026-01-27,Coupon/Promo Issue,Resolved,14,5
T00001104,CUST004927,2026-02-01,Quality Concern,Resolved,10,4
T00001105,CUST008450,2026-02-18,Refund/Return,Resolved,11,5
T00001106,CUST005403,2026-02-05,Refund/Return,Resolved,8,5
T00001107,CUST009588,2025-03-31,Delivery Delay,Resolved,11,5
T00001108,CUST008537,2024-11-09,Damaged Item,Resolved,4,5
T00001109,CUST008206,2025-08-11,Payment Issue,Resolved,13,5
T00001110,CUST009888,2026-02-22,Quality Concern,Resolved,31,5
T00001111,CUST005614,2025-11-13,Delivery Delay,Resolved,17,5
T00001112,CUST005896,2026-02-08,Delivery Delay,Resolved,12,5
T00001113,CUST005652,2026-02-08,Damaged Item,Resolved,11,5
T00001114,CUST000395,2025-09-29,Delivery Delay,Resolved,5,5
T00001115,CUST006424,2026-02-11,Delivery Delay,Resolved,16,5
T00001116,CUST001807,2026-02-02,Coupon/Promo Issue,Resolved,14,5
T00001117,CUST002536,2025-10-12,Damaged Item,Resolved,8,4
T00001118,CUST000847,2026-01-13,Wrong Item,Escalated,18,4
T00001119,CUST005686,2026-02-22,Payment Issue,Resolved,12,5
T00001120,CUST004782,2024-08-25,Coupon/Promo Issue,Resolved,8,5
T00001121,CUST008812,2026-02-10,Quality Concern,Resolved,47,4
T00001122,CUST003896,2026-02-06,Refund/Return,Open,20,2
T00001123,CUST003393,2026-02-22,Delivery Delay,Resolved,35,4
T00001124,CUST007903,2026-01-15,Refund/Return,Resolved,6,4
T00001125,CUST000207,2026-02-20,Quality Concern,Resolved,15,4
T00001126,CUST002340,2026-01-22,Damaged Item,Resolved,26,5
T00001127,CUST001870,2024-03-08,Wrong Item,Resolved,8,5
T00001128,CUST001352,2026-02-16,Coupon/Promo Issue,Open,13,3
T00001129,CUST003045,2024-12-02,Quality Concern,Resolved,14,5
T00001130,CUST002702,2026-02-03,Delivery Delay,Escalated,17,5
T00001131,CUST007235,2024-07-14,Payment Issue,Open,11,1
T00001132,CUST004393,2026-02-21,Coupon/Promo Issue,Resolved,14,5
T00001133,CUST008451,2026-02-22,Damaged Item,Resolved,11,4
T00001134,CUST005017,2025-01-04,Delivery Delay,Resolved,4,5
T00001135,CUST008162,2025-08-25,Wrong Item,Open,15,3
T00001136,CUST002515,2026-02-17,Delivery Delay,Resolved,11,4
T00001137,CUST006930,2026-02-22,Delivery Delay,Resolved,6,5
T00001138,CUST002361,2026-02-16,Damaged Item,Resolved,7,5
T00001139,CUST006435,2026-02-11,Payment Issue,Resolved,4,4
T00001140,CUST004580,2023-08-28,Refund/Return,Resolved,23,5
T00001141,CUST003509,2026-02-22,Coupon/Promo Issue,Open,26,2
T00001142,CUST009299,2025-10-04,Damaged Item,Open,11,1
T00001143,CUST008500,2024-09-07,Refund/Return,Resolved,23,4
T00001144,CUST009038,2025-03-25,Delivery Delay,Resolved,24,4
T00001145,CUST002518,2026-02-06,Delivery Delay,Resolved,25,5
T00001146,CUST001224,2026-02-22,Damaged Item,Resolved,12,4
T00001147,CUST005378,2026-01-30,Payment Issue,Resolved,4,5
T00001148,CUST000446,2026-01-24,Wrong Item,Resolved,12,5
T00001149,CUST006076,2026-01-22,Delivery Delay,Resolved,13,4
T00001150,CUST000140,2025-12-29,Damaged Item,Resolved,13,4
T00001151,CUST005024,2025-11-17,Delivery Delay,Open,7,3
T00001152,CUST002160,2026-02-15,Wrong Item,Resolved,16,5
T00001153,CUST004400,2026-02-22,Wrong Item,Resolved,12,5
T00001154,CUST004318,2025-08-16,Payment Issue,Resolved,10,5
T00001155,CUST005630,2026-02-15,Quality Concern,Open,59,3
T00001156,CUST003284,2026-02-10,Coupon/Promo Issue,Resolved,9,4
T00001157,CUST003068,2026-01-22,Damaged Item,Resolved,12,5
T00001158,CUST001728,2026-02-12,Coupon/Promo Issue,Resolved,7,5
T00001159,CUST003129,2026-01-07,Refund/Return,Escalated,23,4
T00001160,CUST002302,2025-12-21,Coupon/Promo Issue,Resolved,11,5
T00001161,CUST007055,2025-09-24,Payment Issue,Resolved,24,5
T00001162,CUST005665,2024-05-16,Refund/Return,Resolved,14,4
T00001163,CUST009185,2026-02-22,Coupon/Promo Issue,Resolved,2,5
T00001164,CUST005187,2026-02-22,Damaged Item,Resolved,10,5
T00001165,CUST000530,2026-02-12,Wrong Item,Resolved,6,5
T00001166,CUST008919,2026-02-04,Refund/Return,Resolved,12,5
T00001167,CUST006900,2026-02-22,Delivery Delay,Open,8,3
T00001168,CUST004672,2026-02-22,Refund/Return,Resolved,3,4
T00001169,CUST005211,2025-02-14,Coupon/Promo Issue,Resolved,12,5
T00001170,CUST004562,2025-12-27,Delivery Delay,Resolved,3,4
T00001171,CUST004325,2025-06-17,Refund/Return,Resolved,44,4
T00001172,CUST006154,2026-02-22,Refund/Return,Resolved,7,5
T00001173,CUST002898,2025-05-10,Delivery Delay,Resolved,23,5
T00001174,CUST007375,2024-07-30,Delivery Delay,Resolved,7,5
T00001175,CUST004954,2025-12-19,Coupon/Promo Issue,Resolved,30,4
T00001176,CUST005767,2026-01-01,Coupon/Promo Issue,Resolved,18,5
T00001177,CUST008421,2026-01-12,Damaged Item,Resolved,12,4
T00001178,CUST003311,2026-01-31,Payment Issue,Resolved,9,5
T00001179,CUST000437,2026-02-15,Refund/Return,Resolved,6,5
T00001180,CUST009855,2026-02-22,Refund/Return,Resolved,24,5
T00001181,CUST009877,2026-02-22,Delivery Delay,Resolved,15,5
T00001182,CUST001034,2024-12-05,Damaged Item,Resolved,11,5
T00001183,CUST007707,2025-12-25,Refund/Return,Resolved,6,5
T00001184,CUST005955,2026-02-22,Payment Issue,Resolved,5,4
T00001185,CUST007358,2025-10-14,Coupon/Promo Issue,Resolved,13,5
T00001186,CUST006684,2026-01-13,Damaged Item,Open,11,2
T00001187,CUST000630,2025-09-20,Refund/Return,Resolved,5,5
T00001188,CUST009861,2025-06-26,Coupon/Promo Issue,Resolved,13,5
T00001189,CUST002212,2026-02-22,Refund/Return,Resolved,27,4
T00001190,CUST006163,2026-02-11,Refund/Return,Open,13,2
T00001191,CUST009680,2024-10-10,Quality Concern,Open,8,1
T00001192,CUST008915,2026-01-14,Delivery Delay,Resolved,21,5
T00001193,CUST002798,2025-10-12,Damaged Item,Resolved,33,5
T00001194,CUST008330,2026-01-08,Damaged Item,Resolved,39,4
T00001195,CUST008378,2026-02-22,Delivery Delay,Resolved,10,5
T00001196,CUST004024,2025-12-29,Refund/Return,Resolved,7,5
T00001197,CUST007617,2026-02-08,Damaged Item,Resolved,58,4
T00001198,CUST009765,2026-02-22,Refund/Return,Resolved,10,5
T00001199,CUST002452,2026-02-14,Payment Issue,Resolved,19,5
T00001200,CUST006172,2026-02-14,Delivery Delay,Open,41,3
T00001201,CUST001735,2024-09-18,Damaged Item,Open,38,1
T00001202,CUST008167,2025-10-10,Delivery Delay,Resolved,19,4
T00001203,CUST009396,2026-01-31,Delivery Delay,Resolved,15,5
T00001204,CUST002966,2025-06-15,Delivery Delay,Open,5,1
T00001205,CUST008812,2026-02-12,Delivery Delay,Resolved,13,5
T00001206,CUST006793,2025-09-11,Delivery Delay,Open,8,2
T00001207,CUST006834,2026-01-16,Quality Concern,Resolved,7,5
T00001208,CUST007110,2023-09-11,Delivery Delay,Open,18,2
T00001209,CUST006597,2025-12-23,Damaged Item,Resolved,9,5
T00001210,CUST002799,2025-12-31,Quality Concern,Resolved,6,5
T00001211,CUST000102,2026-02-13,Wrong Item,Escalated,34,5
T00001212,CUST008145,2026-02-22,Quality Concern,Resolved,6,5
T00001213,CUST007140,2026-01-12,Wrong Item,Open,7,1
T00001214,CUST003909,2026-02-19,Wrong Item,Resolved,17,4
T00001215,CUST005209,2023-08-10,Coupon/Promo Issue,Resolved,3,5
T00001216,CUST009399,2026-02-07,Refund/Return,Resolved,25,5
T00001217,CUST000508,2026-02-02,Wrong Item,Resolved,12,5
T00001218,CUST001465,2026-02-18,Wrong Item,Resolved,8,5
T00001219,CUST000694,2026-02-04,Delivery Delay,Resolved,38,5
T00001220,CUST005681,2025-12-14,Payment Issue,Resolved,8,5
T00001221,CUST005385,2025-12-17,Damaged Item,Resolved,19,5
T00001222,CUST008746,2026-02-13,Payment Issue,Resolved,11,5
T00001223,CUST002663,2026-02-22,Wrong Item,Resolved,5,5
T00001224,CUST000521,2024-02-21,Wrong Item,Resolved,5,5
T00001225,CUST001639,2025-07-15,Damaged Item,Open,7,2
T00001226,CUST008317,2025-10-17,Wrong Item,Resolved,28,5
T00001227,CUST009567,2026-02-10,Damaged Item,Resolved,8,5
T00001228,CUST008825,2024-07-06,Delivery Delay,Resolved,46,4
T00001229,CUST002978,2026-01-27,Coupon/Promo Issue,Resolved,4,5
T00001230,CUST000484,2026-02-17,Damaged Item,Resolved,15,5
T00001231,CUST003322,2026-01-26,Delivery Delay,Resolved,10,4
T00001232,CUST002144,2026-02-22,Payment Issue,Resolved,26,5
T00001233,CUST004616,2025-07-26,Damaged Item,Resolved,12,4
T00001234,CUST001787,2026-02-03,Coupon/Promo Issue,Resolved,8,4
T00001235,CUST006642,2024-09-19,Payment Issue,Resolved,15,4
T00001236,CUST007960,2025-11-03,Payment Issue,Resolved,8,5
T00001237,CUST005600,2025-12-15,Wrong Item,Resolved,9,5
T00001238,CUST008473,2026-02-04,Coupon/Promo Issue,Resolved,12,5
T00001239,CUST001195,2025-12-18,Wrong Item,Open,6,1
T00001240,CUST006318,2026-02-17,Refund/Return,Open,16,1
T00001241,CUST005490,2026-01-28,Damaged Item,Resolved,16,3
T00001242,CUST007453,2026-02-16,Quality Concern,Resolved,10,5
T00001243,CUST003318,2026-02-02,Coupon/Promo Issue,Resolved,22,5
T00001244,CUST009018,2024-03-04,Delivery Delay,Open,8,2
T00001245,CUST004271,2026-02-11,Refund/Return,Resolved,10,5
T00001246,CUST008473,2026-01-31,Quality Concern,Open,11,1
T00001247,CUST003338,2026-02-12,Quality Concern,Resolved,20,5
T00001248,CUST009458,2026-02-22,Damaged Item,Resolved,31,5
T00001249,CUST009121,2025-07-12,Delivery Delay,Resolved,7,5
T00001250,CUST003178,2026-02-22,Payment Issue,Resolved,27,5
T00001251,CUST009176,2025-12-18,Delivery Delay,Resolved,5,5
T00001252,CUST002556,2026-02-22,Coupon/Promo Issue,Resolved,9,5
T00001253,CUST003046,2025-02-24,Coupon/Promo Issue,Resolved,13,5
T00001254,CUST008862,2025-06-15,Quality Concern,Resolved,33,5
T00001255,CUST002585,2026-01-12,Payment Issue,Escalated,4,5
T00001256,CUST009522,2024-01-21,Damaged Item,Resolved,20,4
T00001257,CUST009804,2026-02-07,Wrong Item,Open,7,1
T00001258,CUST000555,2025-09-03,Refund/Return,Resolved,5,5
T00001259,CUST002336,2026-02-11,Refund/Return,Resolved,6,4
T00001260,CUST003175,2025-12-31,Refund/Return,Resolved,9,5
T00001261,CUST001658,2026-02-22,Coupon/Promo Issue,Resolved,22,5
T00001262,CUST004440,2025-12-28,Delivery Delay,Resolved,8,5
T00001263,CUST000525,2025-10-31,Damaged Item,Escalated,17,5
T00001264,CUST007531,2024-08-10,Delivery Delay,Resolved,9,5
T00001265,CUST001785,2026-01-30,Coupon/Promo Issue,Resolved,11,5
T00001266,CUST003266,2025-10-19,Delivery Delay,Resolved,9,5
T00001267,CUST000211,2026-01-30,Delivery Delay,Resolved,10,5
T00001268,CUST007153,2026-02-13,Quality Concern,Resolved,25,5
T00001269,CUST004481,2026-01-29,Delivery Delay,Resolved,9,5
T00001270,CUST004450,2026-02-22,Payment Issue,Resolved,6,5
T00001271,CUST000696,2026-02-18,Coupon/Promo Issue,Resolved,12,5
T00001272,CUST007718,2026-02-22,Delivery Delay,Resolved,30,5
T00001273,CUST007509,2024-06-09,Quality Concern,Resolved,13,5
T00001274,CUST001560,2026-02-10,Refund/Return,Open,8,3
T00001275,CUST004342,2026-02-22,Refund/Return,Resolved,20,4
T00001276,CUST009479,2026-02-21,Quality Concern,Resolved,13,5
T00001277,CUST005787,2026-02-22,Refund/Return,Resolved,13,4
T00001278,CUST007342,2024-02-22,Payment Issue,Resolved,27,4
T00001279,CUST000539,2025-07-07,Wrong Item,Resolved,18,5
T00001280,CUST001200,2025-12-20,Payment Issue,Resolved,18,5
T00001281,CUST001841,2026-02-19,Refund/Return,Resolved,53,4
T00001282,CUST003971,2024-07-24,Delivery Delay,Resolved,6,5
T00001283,CUST007423,2026-02-06,Payment Issue,Resolved,14,5
T00001284,CUST009735,2025-11-15,Coupon/Promo Issue,Resolved,7,5
T00001285,CUST009011,2026-01-22,Delivery Delay,Resolved,3,5
T00001286,CUST001631,2024-01-09,Delivery Delay,Open,45,1
T00001287,CUST002342,2024-06-14,Quality Concern,Resolved,52,4
T00001288,CUST005110,2025-11-20,Delivery Delay,Resolved,23,5
T00001289,CUST004278,2025-02-06,Delivery Delay,Open,12,1
T00001290,CUST005625,2026-02-22,Coupon/Promo Issue,Resolved,3,5
T00001291,CUST000828,2026-02-14,Coupon/Promo Issue,Resolved,9,4
T00001292,CUST007836,2023-10-15,Wrong Item,Resolved,7,5
T00001293,CUST002895,2026-01-16,Quality Concern,Resolved,11,4
T00001294,CUST007839,2024-04-07,Delivery Delay,Resolved,17,5
T00001295,CUST004640,2026-02-02,Damaged Item,Resolved,11,5
T00001296,CUST004220,2026-01-24,Payment Issue,Resolved,28,5
T00001297,CUST007026,2025-12-28,Quality Concern,Resolved,13,4
T00001298,CUST005694,2026-01-07,Coupon/Promo Issue,Resolved,17,5
T00001299,CUST002105,2026-02-22,Payment Issue,Resolved,18,5
T00001300,CUST003663,2025-12-11,Delivery Delay,Resolved,10,5
T00001301,CUST007670,2025-12-02,Wrong Item,Resolved,11,5
T00001302,CUST001681,2026-02-14,Wrong Item,Resolved,40,5
T00001303,CUST007893,2026-02-13,Delivery Delay,Resolved,7,5
T00001304,CUST007951,2024-08-08,Payment Issue,Resolved,15,5
T00001305,CUST005939,2026-02-22,Wrong Item,Resolved,9,5
T00001306,CUST007638,2026-02-22,Damaged Item,Resolved,20,4
T00001307,CUST003966,2024-10-11,Refund/Return,Resolved,21,5
T00001308,CUST004612,2023-11-21,Delivery Delay,Resolved,45,4
T00001309,CUST008547,2026-02-22,Refund/Return,Resolved,17,5
T00001310,CUST003635,2024-01-04,Payment Issue,Open,15,1
T00001311,CUST007942,2024-02-25,Damaged Item,Resolved,38,4
T00001312,CUST005111,2026-02-22,Refund/Return,Open,16,1
T00001313,CUST005142,2025-09-30,Damaged Item,Resolved,12,5
T00001314,CUST000755,2023-06-04,Payment Issue,Resolved,16,4
T00001315,CUST009098,2024-11-17,Coupon/Promo Issue,Resolved,7,5
T00001316,CUST005716,2026-02-14,Payment Issue,Resolved,7,5
T00001317,CUST006595,2025-07-14,Damaged Item,Resolved,11,5
T00001318,CUST001246,2025-12-02,Damaged Item,Open,7,2
T00001319,CUST004050,2025-12-31,Refund/Return,Escalated,6,4
T00001320,CUST000555,2025-09-14,Payment Issue,Resolved,13,5
T00001321,CUST006076,2026-02-09,Payment Issue,Resolved,20,4
T00001322,CUST001025,2026-01-06,Coupon/Promo Issue,Resolved,60,5
T00001323,CUST006320,2026-01-12,Quality Concern,Resolved,19,4
T00001324,CUST005355,2026-02-12,Coupon/Promo Issue,Resolved,22,4
T00001325,CUST000438,2024-02-25,Quality Concern,Resolved,20,5
T00001326,CUST002868,2026-02-17,Coupon/Promo Issue,Resolved,7,5
T00001327,CUST003280,2026-02-22,Damaged Item,Resolved,9,5
T00001328,CUST009595,2026-02-22,Refund/Return,Resolved,28,4
T00001329,CUST008061,2026-02-15,Refund/Return,Resolved,25,5
T00001330,CUST008143,2026-02-08,Refund/Return,Escalated,100,4
T00001331,CUST005660,2024-06-12,Quality Concern,Resolved,21,4
T00001332,CUST008081,2025-12-04,Wrong Item,Resolved,15,4
T00001333,CUST008800,2026-02-05,Wrong Item,Resolved,25,5
T00001334,CUST004183,2026-02-19,Quality Concern,Open,9,2
T00001335,CUST007128,2026-02-03,Quality Concern,Resolved,31,5
T00001336,CUST000800,2024-09-12,Refund/Return,Resolved,11,5
T00001337,CUST006185,2026-02-22,Damaged Item,Resolved,14,4
T00001338,CUST005873,2026-02-22,Coupon/Promo Issue,Resolved,12,5
T00001339,CUST001185,2026-01-08,Damaged Item,Resolved,32,5
T00001340,CUST006901,2025-06-23,Coupon/Promo Issue,Resolved,12,4
T00001341,CUST000969,2026-02-22,Wrong Item,Open,14,2
T00001342,CUST005333,2025-09-15,Payment Issue,Resolved,17,4
T00001343,CUST002749,2026-02-22,Wrong Item,Resolved,27,4
T00001344,CUST004393,2026-02-11,Wrong Item,Resolved,4,5
T00001345,CUST007174,2026-02-22,Quality Concern,Resolved,31,5
T00001346,CUST001695,2025-04-19,Refund/Return,Resolved,22,5
T00001347,CUST003965,2025-12-04,Damaged Item,Resolved,7,5
T00001348,CUST000073,2026-01-07,Payment Issue,Resolved,9,4
T00001349,CUST009554,2026-01-31,Damaged Item,Open,6,1
T00001350,CUST001617,2026-01-13,Delivery Delay,Open,12,1
T00001351,CUST002430,2026-02-09,Wrong Item,Resolved,32,5
T00001352,CUST002355,2026-02-19,Wrong Item,Resolved,28,4
T00001353,CUST006592,2025-12-06,Refund/Return,Resolved,11,5
T00001354,CUST000044,2024-09-08,Coupon/Promo Issue,Resolved,10,4
T00001355,CUST002295,2024-12-20,Refund/Return,Resolved,8,5
T00001356,CUST002432,2026-02-22,Quality Concern,Resolved,28,4
T00001357,CUST000610,2025-12-07,Coupon/Promo Issue,Resolved,19,5
T00001358,CUST009246,2025-12-19,Damaged Item,Resolved,4,5
T00001359,CUST007430,2026-02-22,Quality Concern,Open,32,2
T00001360,CUST006137,2026-02-22,Wrong Item,Resolved,24,5
T00001361,CUST003439,2026-02-22,Payment Issue,Resolved,38,5
T00001362,CUST005625,2026-02-22,Quality Concern,Resolved,19,5
T00001363,CUST008217,2026-02-22,Delivery Delay,Resolved,10,5
T00001364,CUST003381,2026-02-22,Damaged Item,Resolved,31,5
T00001365,CUST003119,2025-11-09,Delivery Delay,Open,5,1
T00001366,CUST008038,2026-02-22,Payment Issue,Open,38,2
T00001367,CUST003635,2024-01-10,Damaged Item,Resolved,1,4
T00001368,CUST005152,2026-02-22,Payment Issue,Resolved,32,4
T00001369,CUST007378,2025-12-08,Quality Concern,Resolved,25,3
T00001370,CUST009727,2026-01-18,Delivery Delay,Resolved,15,3
T00001371,CUST009606,2024-05-08,Coupon/Promo Issue,Resolved,15,5
T00001372,CUST009718,2026-02-22,Delivery Delay,Resolved,17,4
T00001373,CUST009345,2026-02-22,Damaged Item,Resolved,8,5
T00001374,CUST003541,2026-02-09,Quality Concern,Resolved,9,5
T00001375,CUST003998,2026-02-21,Delivery Delay,Resolved,16,5
T00001376,CUST004212,2024-09-25,Delivery Delay,Resolved,9,5
T00001377,CUST005907,2026-02-22,Coupon/Promo Issue,Resolved,27,4
T00001378,CUST008255,2026-02-16,Refund/Return,Resolved,33,5
T00001379,CUST006956,2024-06-05,Refund/Return,Resolved,1,5
T00001380,CUST007490,2026-01-19,Coupon/Promo Issue,Resolved,38,4
T00001381,CUST008919,2026-02-01,Coupon/Promo Issue,Resolved,42,5
T00001382,CUST006975,2026-01-05,Damaged Item,Resolved,9,5
T00001383,CUST004120,2026-01-22,Coupon/Promo Issue,Resolved,26,5
T00001384,CUST008042,2026-02-22,Delivery Delay,Resolved,32,5
T00001385,CUST003117,2026-01-21,Coupon/Promo Issue,Resolved,11,5
T00001386,CUST007369,2026-02-21,Delivery Delay,Resolved,25,5
T00001387,CUST004768,2026-02-13,Coupon/Promo Issue,Resolved,25,4
T00001388,CUST009763,2024-05-02,Delivery Delay,Resolved,31,5
T00001389,CUST001713,2026-01-28,Refund/Return,Resolved,5,4
T00001390,CUST009191,2026-02-22,Wrong Item,Resolved,9,4
T00001391,CUST009063,2026-02-16,Quality Concern,Resolved,5,4
T00001392,CUST001512,2025-08-04,Refund/Return,Resolved,17,4
T00001393,CUST000271,2025-12-28,Refund/Return,Resolved,6,5
T00001394,CUST005067,2026-01-29,Quality Concern,Open,8,1
T00001395,CUST002955,2026-02-22,Quality Concern,Resolved,27,5
T00001396,CUST009536,2025-11-05,Damaged Item,Resolved,25,5
T00001397,CUST005900,2026-02-22,Quality Concern,Resolved,7,5
T00001398,CUST001691,2025-11-26,Wrong Item,Resolved,17,5
T00001399,CUST000967,2024-12-14,Quality Concern,Resolved,16,5
T00001400,CUST005941,2023-10-23,Delivery Delay,Resolved,21,4
T00001401,CUST002011,2024-09-08,Coupon/Promo Issue,Resolved,16,4
T00001402,CUST007503,2026-02-15,Coupon/Promo Issue,Open,7,1
T00001403,CUST004830,2024-03-11,Delivery Delay,Resolved,11,5
T00001404,CUST006702,2025-11-17,Refund/Return,Open,24,2
T00001405,CUST002208,2025-09-05,Delivery Delay,Resolved,6,4
T00001406,CUST007123,2026-02-17,Coupon/Promo Issue,Resolved,9,4
T00001407,CUST009166,2025-05-02,Payment Issue,Resolved,22,4
T00001408,CUST003190,2026-02-01,Refund/Return,Resolved,20,4
T00001409,CUST009432,2023-04-03,Coupon/Promo Issue,Resolved,8,5
T00001410,CUST005972,2025-12-21,Delivery Delay,Resolved,11,5
T00001411,CUST007468,2026-02-15,Quality Concern,Resolved,11,4
T00001412,CUST008709,2026-01-22,Delivery Delay,Resolved,18,5
T00001413,CUST001828,2024-04-19,Coupon/Promo Issue,Resolved,18,5
T00001414,CUST002431,2026-01-12,Delivery Delay,Resolved,6,4
T00001415,CUST000283,2026-02-22,Coupon/Promo Issue,Open,11,1
T00001416,CUST003406,2026-01-31,Payment Issue,Resolved,8,4
T00001417,CUST008143,2026-01-28,Delivery Delay,Resolved,11,5
T00001418,CUST000220,2024-12-28,Damaged Item,Resolved,8,5
T00001419,CUST002479,2026-01-13,Quality Concern,Resolved,9,4
T00001420,CUST002585,2025-12-27,Wrong Item,Resolved,9,4
T00001421,CUST002562,2026-01-27,Refund/Return,Resolved,15,4
T00001422,CUST000636,2026-02-10,Damaged Item,Resolved,7,5
T00001423,CUST008722,2025-11-14,Refund/Return,Resolved,5,5
T00001424,CUST007072,2024-04-18,Refund/Return,Resolved,5,5
T00001425,CUST002525,2026-02-22,Refund/Return,Resolved,14,5
T00001426,CUST001841,2026-02-22,Damaged Item,Resolved,13,5
T00001427,CUST004925,2026-02-19,Quality Concern,Resolved,4,5
T00001428,CUST004819,2026-02-22,Refund/Return,Resolved,13,4
T00001429,CUST008497,2026-02-05,Wrong Item,Resolved,5,5
T00001430,CUST008234,2026-02-22,Coupon/Promo Issue,Resolved,5,5
T00001431,CUST003838,2026-01-19,Wrong Item,Resolved,24,4
T00001432,CUST009896,2026-02-09,Wrong Item,Resolved,23,5
T00001433,CUST007420,2024-09-02,Delivery Delay,Resolved,16,5
T00001434,CUST005953,2025-12-13,Refund/Return,Resolved,2,5
T00001435,CUST009312,2025-12-31,Coupon/Promo Issue,Resolved,12,4
T00001436,CUST002459,2026-02-13,Delivery Delay,Resolved,5,5
T00001437,CUST004232,2023-11-29,Quality Concern,Resolved,9,5
T00001438,CUST005874,2025-09-16,Refund/Return,Resolved,28,5
T00001439,CUST000901,2026-02-18,Quality Concern,Resolved,5,5
T00001440,CUST006334,2025-09-03,Damaged Item,Resolved,2,5
T00001441,CUST009278,2026-02-22,Wrong Item,Resolved,21,5
T00001442,CUST002779,2026-02-14,Refund/Return,Resolved,28,5
T00001443,CUST008222,2023-07-24,Coupon/Promo Issue,Resolved,17,5
T00001444,CUST009452,2026-01-26,Damaged Item,Open,34,1
T00001445,CUST003559,2026-01-09,Damaged Item,Resolved,5,5
T00001446,CUST001160,2026-02-22,Delivery Delay,Resolved,21,5
T00001447,CUST000314,2025-06-21,Payment Issue,Resolved,108,4
T00001448,CUST006102,2025-10-28,Coupon/Promo Issue,Resolved,15,4
T00001449,CUST003433,2023-10-21,Wrong Item,Resolved,10,5
T00001450,CUST008451,2026-02-17,Payment Issue,Resolved,26,5
T00001451,CUST008105,2026-02-22,Wrong Item,Resolved,11,5
T00001452,CUST008858,2026-02-18,Coupon/Promo Issue,Resolved,19,4
T00001453,CUST002007,2026-02-22,Quality Concern,Resolved,5,5
T00001454,CUST007448,2023-09-23,Refund/Return,Resolved,45,4
T00001455,CUST008036,2026-02-22,Quality Concern,Resolved,10,4
T00001456,CUST003274,2026-01-31,Payment Issue,Resolved,36,4
T00001457,CUST003429,2026-02-22,Coupon/Promo Issue,Resolved,8,5
T00001458,CUST006807,2026-02-22,Quality Concern,Resolved,10,5
T00001459,CUST006063,2024-04-08,Quality Concern,Resolved,14,5
T00001460,CUST009608,2026-02-22,Quality Concern,Resolved,11,5
T00001461,CUST007327,2026-02-16,Delivery Delay,Resolved,40,5
T00001462,CUST003767,2026-01-22,Coupon/Promo Issue,Resolved,12,5
T00001463,CUST005076,2026-02-22,Delivery Delay,Resolved,34,4
T00001464,CUST001725,2026-01-09,Coupon/Promo Issue,Resolved,8,4
T00001465,CUST000394,2024-04-06,Payment Issue,Resolved,9,5
T00001466,CUST007844,2025-06-01,Damaged Item,Resolved,10,5
T00001467,CUST004308,2024-10-26,Damaged Item,Resolved,82,5
T00001468,CUST008771,2026-02-02,Delivery Delay,Resolved,7,5
T00001469,CUST008545,2026-02-22,Damaged Item,Resolved,3,4
T00001470,CUST008065,2024-12-27,Delivery Delay,Resolved,7,5
T00001471,CUST005245,2026-02-15,Refund/Return,Resolved,16,4
T00001472,CUST002383,2024-10-01,Delivery Delay,Resolved,40,5
T00001473,CUST009578,2026-02-21,Payment Issue,Resolved,57,4
T00001474,CUST006218,2026-02-19,Payment Issue,Resolved,16,5
T00001475,CUST002117,2025-12-21,Refund/Return,Resolved,6,5
T00001476,CUST006260,2026-02-22,Delivery Delay,Open,43,1
T00001477,CUST002157,2025-12-21,Wrong Item,Resolved,11,4
T00001478,CUST008371,2026-02-22,Delivery Delay,Resolved,21,5
T00001479,CUST008781,2026-02-22,Refund/Return,Resolved,20,4
T00001480,CUST005770,2026-02-03,Delivery Delay,Open,30,2
T00001481,CUST001045,2026-01-09,Coupon/Promo Issue,Resolved,15,5
T00001482,CUST005489,2026-01-31,Coupon/Promo Issue,Resolved,12,5
T00001483,CUST005128,2023-12-17,Refund/Return,Resolved,3,5
T00001484,CUST006259,2025-05-30,Quality Concern,Resolved,16,5
T00001485,CUST005247,2025-01-18,Delivery Delay,Resolved,7,5
T00001486,CUST007866,2026-02-15,Payment Issue,Resolved,15,5
T00001487,CUST003270,2026-01-30,Damaged Item,Resolved,14,5
T00001488,CUST002745,2026-01-28,Damaged Item,Resolved,29,4
T00001489,CUST004699,2025-03-10,Quality Concern,Resolved,34,5
T00001490,CUST009089,2025-10-30,Delivery Delay,Resolved,9,4
T00001491,CUST009179,2025-10-22,Refund/Return,Resolved,13,5
T00001492,CUST003077,2023-05-11,Damaged Item,Open,21,2
T00001493,CUST005626,2025-12-15,Refund/Return,Resolved,5,5
T00001494,CUST004263,2025-01-08,Damaged Item,Resolved,15,4
T00001495,CUST001707,2026-02-22,Wrong Item,Resolved,10,5
T00001496,CUST007128,2026-02-13,Delivery Delay,Resolved,5,5
T00001497,CUST005597,2026-02-22,Damaged Item,Resolved,5,4
T00001498,CUST008552,2026-02-12,Damaged Item,Resolved,6,5
T00001499,CUST000106,2025-09-20,Wrong Item,Resolved,10,5
T00001500,CUST005259,2025-12-19,Delivery Delay,Resolved,25,4
T00001501,CUST009656,2026-02-22,Refund/Return,Resolved,29,5
T00001502,CUST000636,2026-01-21,Quality Concern,Resolved,11,4
T00001503,CUST008347,2025-12-11,Damaged Item,Open,14,2
T00001504,CUST005617,2026-02-04,Delivery Delay,Resolved,8,5
T00001505,CUST004661,2026-02-08,Payment Issue,Resolved,18,5
T00001506,CUST001719,2025-02-22,Coupon/Promo Issue,Resolved,7,4
T00001507,CUST006446,2026-02-02,Delivery Delay,Resolved,7,5
T00001508,CUST004287,2025-12-21,Refund/Return,Resolved,12,4
T00001509,CUST000449,2026-02-11,Delivery Delay,Resolved,42,5
T00001510,CUST005805,2023-11-22,Refund/Return,Resolved,3,5
T00001511,CUST004176,2025-08-10,Delivery Delay,Resolved,3,5
T00001512,CUST001617,2025-12-31,Damaged Item,Resolved,17,4
T00001513,CUST007427,2026-01-25,Payment Issue,Resolved,4,5
T00001514,CUST002826,2024-10-10,Delivery Delay,Resolved,64,4
T00001515,CUST000518,2026-02-12,Refund/Return,Resolved,2,5
T00001516,CUST002899,2023-11-01,Payment Issue,Resolved,25,5
T00001517,CUST004024,2026-01-07,Delivery Delay,Resolved,6,4
T00001518,CUST002169,2025-11-13,Damaged Item,Resolved,4,5
T00001519,CUST002890,2023-08-14,Wrong Item,Resolved,9,4
T00001520,CUST000548,2026-02-22,Damaged Item,Open,20,1
T00001521,CUST003105,2024-09-27,Damaged Item,Escalated,8,5
T00001522,CUST006502,2026-01-25,Refund/Return,Resolved,4,4
T00001523,CUST003744,2026-02-13,Coupon/Promo Issue,Resolved,45,5
T00001524,CUST008652,2026-02-21,Damaged Item,Resolved,15,4
T00001525,CUST009612,2026-02-22,Refund/Return,Resolved,94,5
T00001526,CUST006590,2024-12-22,Payment Issue,Resolved,21,4
T00001527,CUST000744,2024-01-31,Coupon/Promo Issue,Resolved,34,5
T00001528,CUST006931,2026-02-22,Delivery Delay,Resolved,95,4
T00001529,CUST009614,2025-02-11,Payment Issue,Resolved,96,3
T00001530,CUST006768,2026-02-15,Damaged Item,Resolved,20,5
T00001531,CUST003381,2026-02-22,Delivery Delay,Escalated,11,4
T00001532,CUST007720,2026-02-22,Quality Concern,Open,24,2
T00001533,CUST009183,2026-02-13,Coupon/Promo Issue,Open,27,2
T00001534,CUST005232,2026-02-19,Refund/Return,Resolved,6,5
T00001535,CUST002442,2026-02-18,Damaged Item,Resolved,17,5
T00001536,CUST007726,2025-12-10,Delivery Delay,Resolved,13,3
T00001537,CUST006070,2025-04-27,Payment Issue,Resolved,15,5
T00001538,CUST001434,2025-12-28,Coupon/Promo Issue,Resolved,10,5
T00001539,CUST002615,2025-12-30,Coupon/Promo Issue,Resolved,21,5
T00001540,CUST006875,2026-01-08,Wrong Item,Resolved,15,5
T00001541,CUST008953,2025-06-05,Coupon/Promo Issue,Resolved,46,4
T00001542,CUST006337,2025-08-17,Wrong Item,Open,10,1
T00001543,CUST002401,2026-02-06,Coupon/Promo Issue,Resolved,14,5
T00001544,CUST007603,2025-12-31,Refund/Return,Resolved,25,4
T00001545,CUST000801,2026-02-09,Coupon/Promo Issue,Resolved,4,5
T00001546,CUST009736,2026-01-28,Refund/Return,Resolved,4,5
T00001547,CUST001712,2026-02-18,Wrong Item,Resolved,36,4
T00001548,CUST007629,2025-12-29,Delivery Delay,Resolved,11,4
T00001549,CUST003196,2026-02-17,Refund/Return,Resolved,11,4
T00001550,CUST007123,2026-02-22,Refund/Return,Resolved,16,4
T00001551,CUST000422,2026-02-21,Quality Concern,Open,15,3
T00001552,CUST000818,2026-01-16,Delivery Delay,Resolved,10,5
T00001553,CUST002148,2025-09-18,Delivery Delay,Resolved,22,4
T00001554,CUST004485,2026-02-22,Delivery Delay,Resolved,11,4
T00001555,CUST001162,2026-02-22,Damaged Item,Resolved,36,4
T00001556,CUST000553,2024-12-16,Wrong Item,Resolved,10,5
T00001557,CUST006382,2023-09-18,Coupon/Promo Issue,Open,14,3
T00001558,CUST009920,2025-11-10,Coupon/Promo Issue,Resolved,2,5
T00001559,CUST006271,2026-02-06,Delivery Delay,Resolved,27,4
T00001560,CUST007349,2026-02-13,Payment Issue,Resolved,18,5
T00001561,CUST008890,2026-02-10,Delivery Delay,Resolved,15,5
T00001562,CUST003889,2025-12-29,Refund/Return,Open,52,1
T00001563,CUST005037,2026-02-11,Refund/Return,Resolved,14,5
T00001564,CUST002093,2026-01-15,Delivery Delay,Resolved,17,5
T00001565,CUST006051,2026-02-18,Payment Issue,Resolved,10,5
T00001566,CUST005189,2025-08-29,Wrong Item,Resolved,13,5
T00001567,CUST008445,2026-01-03,Refund/Return,Resolved,3,5
T00001568,CUST002894,2026-02-22,Coupon/Promo Issue,Resolved,52,4
T00001569,CUST008194,2023-11-29,Damaged Item,Resolved,8,5
T00001570,CUST008627,2023-05-06,Delivery Delay,Resolved,39,4
T00001571,CUST001218,2024-05-26,Refund/Return,Resolved,38,5
T00001572,CUST005432,2026-02-22,Delivery Delay,Resolved,19,5
T00001573,CUST005013,2025-12-31,Wrong Item,Resolved,93,3
T00001574,CUST003346,2026-02-22,Coupon/Promo Issue,Resolved,8,4
T00001575,CUST005460,2025-08-27,Delivery Delay,Resolved,13,5
T00001576,CUST005113,2026-02-01,Payment Issue,Resolved,12,4
T00001577,CUST009999,2026-01-29,Payment Issue,Resolved,10,5
T00001578,CUST001828,2024-04-06,Coupon/Promo Issue,Resolved,10,5
T00001579,CUST005748,2026-02-12,Coupon/Promo Issue,Open,4,1
T00001580,CUST003601,2026-02-22,Coupon/Promo Issue,Resolved,11,5
T00001581,CUST005262,2024-12-08,Coupon/Promo Issue,Resolved,14,5
T00001582,CUST003054,2026-02-22,Delivery Delay,Resolved,48,5
T00001583,CUST006347,2025-08-23,Delivery Delay,Open,31,3
T00001584,CUST003993,2025-11-04,Coupon/Promo Issue,Resolved,53,4
T00001585,CUST001986,2026-02-14,Refund/Return,Resolved,20,4
T00001586,CUST000420,2026-02-21,Payment Issue,Resolved,11,5
T00001587,CUST007951,2024-08-08,Damaged Item,Resolved,7,4
T00001588,CUST000174,2023-11-28,Coupon/Promo Issue,Resolved,47,4
T00001589,CUST007655,2026-02-22,Quality Concern,Resolved,5,4
T00001590,CUST005906,2026-02-09,Wrong Item,Resolved,18,5
T00001591,CUST003828,2025-02-25,Coupon/Promo Issue,Resolved,6,5
T00001592,CUST000889,2026-02-18,Coupon/Promo Issue,Resolved,18,4
T00001593,CUST000105,2026-02-13,Wrong Item,Resolved,17,5
T00001594,CUST008886,2026-02-22,Delivery Delay,Resolved,20,4
T00001595,CUST003546,2026-01-28,Delivery Delay,Resolved,11,5
T00001596,CUST008834,2026-02-10,Delivery Delay,Resolved,14,5
T00001597,CUST009055,2026-02-04,Payment Issue,Resolved,47,5
T00001598,CUST004658,2026-02-22,Delivery Delay,Resolved,21,5
T00001599,CUST003958,2026-02-22,Delivery Delay,Open,59,3
T00001600,CUST006901,2025-07-01,Damaged Item,Resolved,9,5
